-1.1898617998227115,0.9828712693226135,-0.04009258323066042,2.1788828367651023,-1.3349920378430347,4.629454097024832,-0.20515554939374459,-0.4213664379357958,-0.6714538131095473,-2.2737949951957557,2.798303578771904,0.3545583365681764,2.275324578627412,2.086115236977147,-0.22769385314837184,-2.6025965489703236,0.5294543030780461,5.083049624592042,4.6429008349819,-1.9875320269468988
-0.5834557319199095,-1.7722280846929332,2.411609234817392,-1.208420683131967,2.521572967595058,-0.32517966571587814,-1.4296136808664217,1.5196644332336655,0.0688172026955345,0.5854728838769803,-4.6601390521486294,2.093389452518597,-3.072846884483609,-3.90235213360334,0.5144009243429443,3.144423779332156,0.7698056308609698,1.4042131052525377,1.1813600109649591,-0.5802145589791597
6.49073757752168,0.15753177823800535,-0.26279024365295556,-1.2867760777808739,2.541696331678887,-0.3435570078004927,6.463206434034605,0.3085824652492434,-0.6002981523245773,1.5070898796692545,3.3559335123705925,-1.7051729354426381,-0.20500157157915078,0.786438482247542,-1.5348510453738216,0.645248804931774,-0.0181539284906493,-1.1565837353430448,2.1231102055975777,5.34583891725986
0.3730523689531039,-1.119896151242678,0.48194403241061645,-2.04917165759665,3.5846762251367865,-0.9799467691252046,-2.448115245162869,-1.8955734092436498,3.255519867242941,-4.377549627279767,2.000187314618916,-2.5156543242771194,-1.4534580772060601,-1.4655790425146167,-1.3444793813564697,-3.436570702635845,2.0438934305498617,-2.6604120507666438,-0.24053469859395496,-5.526958530659563
3.4039197042279303,2.649694537315998,-2.2460055846613867,-0.04951490838809162,2.7253845600364963,1.566383714258309,-0.16431432085926354,-0.5838439690568691,-0.9082729355396959,-0.11564108607393414,-0.8573459666456107,0.027006023234177674,3.259855172363322,-1.412360493088265,-5.281569218816907,2.5732433514248103,0.8510644606116359,-0.10329283055765576,-2.4803955525512853,0.35435217233461996
0.20960738893118597,0.14073732250694698,4.51503987267936,-2.797710342833505,4.197381751357796,1.0716710153306015,-4.170961475175405,-3.7409524890095796,3.475657689691819,-3.1948098789306876,-1.3510830688080322,-0.3009793792083069,-3.5447350520049032,-4.505662521534232,0.3111444287136468,0.9732494706480095,-3.749710120772366,2.8564005293910117,-3.9811941564347566,-0.4026608009299246
-1.685659482745745,-0.45627071147345405,4.837787903762346,-2.8260574128681983,-3.967033403836567,-4.276991443923746,-1.7919951444691473,-4.2184289479856725,1.0326753542990765,-2.1476916353532616,-5.9496223876610435,-0.4017264752396341,-4.9275659762485065,-1.3029592430872037,0.2456715115649994,1.3512608593003335,4.208234618880624,-2.3356289427981096,-3.06968058371794,-0.3407742410199288
-4.462312902530937,0.481426006427887,-5.885731664581352,2.1972673635843147,5.267206373834723,-2.482256620867948,-4.112951200847997,-2.4295338624605707,-1.6381868309309202,-0.25100421792603084,4.242098939032446,-1.0433082880488156,2.029508958833305,0.605514532489581,2.4781052652517825,-4.6170411653498675,-0.6484730723579126,1.3869606332058966,5.335159489779183,-0.16033983573875885
3.926884359371794,-3.6080787011467104,-0.7276505661026069,-1.5531666988268866,0.9788393692515749,-0.7721233024464442,0.5657436783773785,-1.9369496919397322,1.0208758822692199,0.17114002009132073,0.18354689552425896,0.5927951002748897,1.9666355574485672,2.508100647266607,2.1236360595634047,-2.880345303833847,-1.3384081850284733,-0.28175014656801894,1.7516959187206451,1.9586620129245202
-1.303928462607654,4.169969138301241,2.687622233798103,-0.04649500380166467,2.7914051420499604,-0.07688866480899963,0.5949890381098958,-2.728694150762181,-5.277310257224097,-2.1336435280909356,-0.6997578083087799,4.6888844588606435,1.7431399559193403,-0.9593939550733241,-2.2166571976760125,-2.251182458329538,1.924746088405454,-1.1555536348958468,0.0715867837766454,-0.20507912077870855
0.6625762375644532,-0.7638597296848286,-4.218490582630591,-2.9626619615045553,1.9673146468226854,-3.6674476163456644,-4.642056861290968,-4.94813797948261,-0.5489416615965143,-0.2480360247570783,1.4296275156221459,3.653611337937023,-6.140557381938256,-3.1414684402095103,-3.5693986098962354,3.9811093137086524,4.356284123377477,-1.4650464657385132,0.07817894384601883,-0.19170073207213703
-2.121191037890641,0.6582322897006676,2.1558702655733404,3.0338075692046313,-4.333853656505487,2.8698759949745414,0.7486221561121037,1.574522377250973,3.9795491095048225,-2.3189609965821383,2.5933940483435016,0.8589821646559004,2.9561543233032017,-3.7768817962792554,-2.2674839418876473,0.9175330174270501,-0.24590674146043495,-4.125751002102516,-4.767509419082955,-0.5716457969523232
2.528995921717674,3.613972261850064,1.3295693425328903,1.4237444559489507,4.854143996189827,-0.13652118564155985,-0.5811049326500505,3.441065576044872,-1.1060019894434256,0.8373328749441482,1.6066795801755474,-2.3332881611146394,-1.0412781357370404,-2.317658496003009,-1.3287482288611436,-0.3861106872149798,1.4327025398682234,1.0866439131222312,-0.765743238603759,-3.5486750255508603
-0.6635338322225857,0.9002479485421062,1.7227608931545617,-5.148956566313934,-2.485530445645669,2.5406372948157636,-1.3921168778581268,0.5233438716236163,0.7153906802244971,-1.5274904349866583,2.3038005449337513,4.035933735209937,0.9827168483181816,2.5853535306623274,0.9785562487003228,0.019403902016359,-0.03846121777575083,3.4444019707696847,-4.373840374831635,-3.1884119613639124
-3.9300881169127586,0.3862727724914613,3.400209581755991,-0.7466523050694152,-0.9247952061738545,2.060544578274894,5.826772798364056,3.878311611949849,-2.3709528803890327,-2.106789893238291,-0.9422367556923934,2.7148100332541967,-1.144735447252267,-6.102306531343514,-3.4563032546330836,-3.332075667008737,-2.1477218120460355,-5.485008203265423,-1.6004643815841608,0.7133677641175664
0.8849286000831689,4.019129011038833,1.295682432956265,5.161094297038653,5.23996707560846,-1.1384233929111311,7.090460397203628,-1.9195022080776307,-1.6474244753835396,-5.893582466118589,-2.690335558043472,0.11870528622574057,-1.6857600232033783,-2.3591237799103926,3.6322194797528473,0.9665766838872658,1.5363822961904374,-0.5494640653047058,-1.18968865699358,-1.4108907672107103
0.03307957726872934,-0.10758797623499156,-4.479438171288375,-0.02358626032515791,-1.3545711173295782,-6.366567073573718,0.36386543000567784,1.9557872650058452,-2.450931510614519,0.3120873332131214,-0.12750596014810467,-0.7944281889102627,1.7440701181137337,-2.661468224271369,-1.406205544665374,-0.42408659114901637,3.6081971883349047,3.416578066585709,-0.3711705857712891,-0.06448269925749327
-1.5927063465184519,-0.08065834845192482,2.2775856351329757,2.1845568064714502,-1.0276493991708233,1.2772071969112035,3.3834434813476504,-0.12032020355054832,1.2225984200719782,0.4782864347399223,-0.8856087840203319,-3.9200947002435678,-6.209702177262655,-2.8327773789705075,-1.7523635004641975,0.26422554666952885,0.0030279904062729627,-3.540468227720903,-1.362148138831718,-0.2543964427622248
-0.4726089296392559,2.6696251422205646,-5.213963452750249,0.5501697049885688,-2.598939140407712,3.2380353897028487,0.41341613131390004,0.19936513425215102,-2.160253276727558,5.203672916717803,-2.0297988549563217,-0.5120703480843258,-1.1990926591990747,1.196990633059662,0.6525294522942702,0.39339239329526227,3.929842885465369,2.0101560380820147,-3.6572731610340026,-2.0411576804087836
-1.5237825810321768,3.6391904284044,-3.708336801207766,1.4650437319035277,1.5733879417936547,2.261129286452872,-3.3243802419872406,3.4687117037541784,-0.8696064912006647,1.705329111055942,2.2230695987149165,-5.631333256854701,-2.2323629499542186,-1.1253351671334444,-1.0321137588061964,0.21683394649424495,-3.6899333574822517,3.0259096960111522,-0.09455237372133658,3.02595182938012
-2.575365874037293,-2.651148562670182,4.077809263765003,4.249211361017894,-5.121427696070458,0.5898558937264533,0.9418186660147778,3.1308044847529617,-2.714315841184491,6.995226510942919,0.3002854779974468,-2.4643629055218317,3.241754393139106,-0.8376986802469513,-1.037762146086978,-1.4257401464898398,-2.4945944139879495,-0.2535500315001543,-0.479101935188326,1.366718797788903
2.4242006390216884,0.5338574666944989,3.5744172924626207,3.6666027436666195,-3.4537193902074703,-0.17926268409756535,-3.600548612330795,-0.3557817818267535,3.44289308930452,5.134280680398398,2.836996869970127,2.6150711242171263,-2.3099352430225832,2.7845068713516135,-1.288465120962608,-1.5424890267800384,-2.4545582008029747,3.9869991230485526,-1.2148371794022825,4.88207979423779
4.328928499605066,0.24796810499390823,0.42413016585316493,-1.2140333901738063,-0.812182536554283,-1.67045871186007,-2.870913672065919,0.3701634498801425,1.79456274944486,-3.9758928565949283,-0.3051452580998458,1.5943952388208635,-6.650930602433068,2.2375004960527782,-3.3078218866101166,2.834281444067897,1.9767061760631992,-0.803787105407327,1.786515420895506,-1.9076513705611744
-0.41994642978229557,0.7878619593186021,1.610142552642388,-0.10353123815820847,3.3072881089288524,3.0521898846500424,-5.246551272928434,3.181546589251324,1.9407179942249577,-2.0019685959378632,3.205336321739944,-3.9335560730193815,-1.0982553319478718,-2.3541460030281067,-5.3786240310291396,5.329481012815171,3.13094299332385,0.48544923684236413,-0.48921127193184943,-2.168069627907476
2.2801631443526347,5.049694973149991,3.934089551611073,2.620992577295038,-2.476770256215138,-0.9491684440345697,-0.02710235902947903,0.3115071329749139,3.8085505608637495,0.08844433071601031,0.5750829354730717,-3.4216981408572256,-1.8356452165386181,4.642118437353641,-1.16578303293859,-3.549660674458633,-0.6328803932648301,-1.5822217124615539,-0.24739650998469181,-0.7039600898040164
-0.8107976909812589,-2.590779507720377,-1.7594907483490454,2.667203929370418,-1.847691180320824,0.3227907074598437,1.789648764490427,-2.4077107983029125,2.639025219444369,2.7885162590711303,0.08726619115006774,2.94012154830326,4.972876849985788,-0.5044783049829239,0.7523968851624605,1.3428890836589924,1.3276791348551407,-1.979985785585991,1.995455121460572,-1.3681449530934482
3.3911640477322913,-2.9464119691942106,-0.05992323113629604,0.16932168341462098,0.873293386375315,-4.55772260961607,8.42097232765224,1.7558036701566824,1.7542261376757375,2.2279369071368578,-9.27466756850373,-3.4037641179453955,-1.5583690859112707,-1.9592293343097245,3.360724698081487,0.9143465816444416,1.2084330694490302,-1.1041382142089113,2.067744794340004,-5.3037293238522825
1.1871192071507672,4.65418491096714,0.2831521362941217,1.1476692598429543,-4.2363651138557135,0.21810026605604313,-0.85941573753827,-2.484518282768068,-1.0675958980098874,-3.7098871291153626,4.807810488530468,0.5207507073778173,-0.23638603916143816,0.9169854749579069,-0.22134757238244848,-0.8139103487711721,6.016641074646512,-1.9250541935424854,-0.6539247578590943,4.854183715853725
-2.9323487404182824,-1.6911574835234946,-0.2879876372289354,1.2151984806210052,0.07682899304350897,-2.5807286939578162,-1.6950796197921414,6.21326956799197,2.1938512332636013,-1.9871297093354072,-0.6125444490441906,-0.999626853270294,-1.3196719129649015,-5.149589544181628,0.4530936789337513,-2.8549705123353566,3.032579249943414,2.048519397514967,0.1731405353148826,-5.733014479861662
0.2329094898281126,-3.127335268469557,-4.704835888013951,-0.24686644324350798,4.157105014127042,-1.2417713428654855,-2.9355309473619924,-0.11814324395285446,-0.03373802244276959,5.640778022473539,-0.10591173019103117,1.6267784583152083,2.4274184839456727,2.4151925365889406,-0.1070610846820658,3.5297447000380022,0.25140370386951266,0.5945409667494066,3.3982212516309396,3.7602536287835986
0.8232922641920857,-1.3271254179302345,3.141551823824531,2.8928991605196206,3.135250610215368,1.562417761690388,-0.9221094030532557,2.8738593421974667,0.9097240717355831,-0.2769557923808982,2.187973836761696,-3.1669094351118865,-0.02490064943426336,0.6841562581433258,2.5040007116378997,-2.1087886117105903,-2.0349858091890516,-4.486151948193527,-1.922302122215093,-2.079486239221128
-0.31875342386201055,-0.8771100093015283,2.3310779492008833,-1.1452791960712807,-0.5423944962293217,-2.536957941593436,-0.9620459387980609,0.5587814899738947,4.0162351792065145,3.5096680877266904,-1.401491508743152,3.254957799199129,-0.36701620276551083,-1.444227863518019,-0.3607984306496775,2.9301510596709592,0.009248733116292901,-2.599258928541463,-3.270024424237218,-2.9452529490209867
-2.0060679394755985,3.3478698034193455,4.416147187657731,0.08938631259589809,-2.939983130569,3.1535993546037933,-3.702686716558807,-2.808925759860897,-0.7036329999972988,-5.651412112009687,-2.856859783851556,-0.2829659653149537,-2.1126843130897597,2.3591722830005493,1.3955743207371372,-1.3540084842547966,-1.0386307721310013,-1.0911980718788845,1.6620111200252339,-0.10210169481650426
4.04961394319703,-1.0488700305195326,-1.7426800543021888,-2.5188623454957044,-1.731759165760529,0.48059944446617087,0.6583483645823855,0.9700129941031291,-3.654043831030986,2.731387040783927,-2.187075764861973,-1.390194234529528,2.4329852370737486,7.694067316454914,0.46608476063739623,-4.854608709885255,-0.21345247651458388,-0.22918995888143695,1.06261392618324,0.9325146682712294
0.34667503459330495,1.2850938888509673,-5.01692433378758,-3.3914579026341247,1.9478803571539065,4.2728861505754825,3.052757186819669,-0.06553430977313374,-3.610345534065,-2.7494510632728666,0.957012404007179,2.8155029844580355,0.42639737760613494,-4.775946642627173,2.685115757842337,0.9029087885714312,-0.3415085610391223,-1.075817856681764,4.5884458161547705,-2.133473640020536
-3.2535264117656784,2.879557151580637,1.0086431232727506,0.5046549018114261,-0.5020467773498356,0.3874330768531302,1.9812995555577608,1.0828117243133013,0.6050514393142948,2.2068942664527547,-0.24218473293372764,-3.9678500658167275,3.096991832589672,-1.0253824587065923,2.638904121500288,-2.447594048208874,-2.693515803335557,-5.143391892726722,-0.13287818666912538,3.5463184583995786
3.034446184615181,1.7805688042467889,1.8484461484912904,4.849470688389223,0.35761766646326165,2.629152985202421,0.7071817569911016,-0.9014980854726771,0.2277680032082922,-1.2110129202152686,1.3260872726519028,-3.996341242498575,-1.7160183307833528,2.9677554992104898,-1.7583150824504408,-3.316533208258277,2.720408556159088,-4.117542938596532,-1.112740586100199,1.6935573460702384
0.9542822141939776,0.7060955815598484,5.412218881528011,-2.55004546464426,-2.7700163864648175,3.9590142091736986,-2.223719940831313,1.2130997320114343,0.1572247111275349,-2.523647936484627,2.3459456949125994,1.2594492497140501,4.357719563473374,0.6062036619961139,-0.7138354562383379,-1.166754229121707,-0.41081138174887444,8.21869343043652,5.063396619756022,2.226814067421916
3.337030307107538,0.8059697444252714,-0.35140003415267174,-0.03881800658957756,3.0079858239078843,3.918787856163802,0.34853114528431917,2.1406083159752596,0.18877220395263505,1.2270606069492611,-1.182979600207965,0.9667573741878994,-1.7100304914555409,-7.4635743067857305,2.0438263027445025,-5.134739226514528,-1.9886302266411016,3.2297423422334472,1.1159290863763458,-0.7600386030487218
1.511321460158035,0.08779981291985292,-0.8169036326181267,-0.15393577393543556,3.5973686422848123,0.5636058876421833,1.838960698905528,2.2453742794039844,-6.237774934215565,-0.15674443341220085,-2.9359439611105835,-2.546103981978124,-2.134866867702078,0.6983033326172683,-3.609747230073889,3.6309099426743194,-4.408487479905334,0.2856380637269245,0.04862713563012802,-0.13171140770475445
0.1347457476731127,-1.098930467744902,-4.121223388084945,0.39132763209802596,-0.024468332727508556,-1.5687261266867352,1.4051172238871836,-1.8842268825089663,-2.3067967327476886,-2.2784730216598303,-1.825614930454376,1.093306616869691,-3.2413697018448966,1.7912202609282502,-0.39419175838894593,7.775878411942736,0.7798806599671446,2.3677415483108284,-1.8465724421896892,1.634846474683855
2.7436555476051465,1.4416584939060728,1.8016278590693537,0.5941158514089644,1.290090805451835,-3.3078028861021904,-1.703080006828185,1.3497941501725528,-2.308738119433943,-0.1189911498389486,1.8885946445327586,1.2126756620808368,2.0799606496287044,-1.1175569566694967,1.0980348796703399,-2.3189463937418107,1.8909895071387166,-0.542646910982477,2.3994184873676354,-0.23150803551861607
1.1499782344876897,-2.763676697099915,-1.51240460035478,-1.8826854738723249,-6.60468582967588,1.12393865214457,3.3967926031773406,1.2408737233305454,3.2757899520721674,2.122105349712532,0.5308020579346244,4.907635766960018,0.5944369039766084,0.8879709813731143,-4.117305084018981,0.6383867462871652,4.431071228914143,-2.7283448952010128,3.331418681798909,1.4746803682753997
1.3259397880852322,-2.3511562520711173,2.391875862196815,-1.9543121684922662,2.5484709047356295,5.166666324271807,0.06237975680443446,-0.6601448432003145,-3.979798196577467,-1.5194276885352538,0.12390095357742431,1.273240668549209,2.1759309866117045,2.6220058777986255,-1.3649203822712481,-2.6732977122015655,-1.0139167603396906,-4.452115623953078,-0.6658135813360164,2.8504496212953088
6.813342318471214,-3.1464052031927565,0.6516181833472576,2.571925812535474,-0.6388136245179356,6.9798849628642685,0.5033773888485362,0.20483114437996505,1.8760406914489796,0.07909452072704584,2.0730563294070956,-1.1267142571577238,2.577180047323651,-3.346221542739258,-2.9298149055207525,2.4491379611945048,2.5596447341534363,3.1010299022685173,-1.4375470389706848,-1.0307866709235254
-1.6182245131683202,3.945820478644163,-0.0481954398133152,-0.2589304572726474,8.14950669713394,1.823506675580624,0.2628739171179321,-2.8883730702657906,0.5467975106782159,1.7686431158117761,-1.2767725502135958,-1.5704005979526627,-0.8632362231149058,-2.756614331954358,2.4490230186393322,-0.6972455571637277,-1.228708902517216,-1.4508696606117946,-2.9820486959830514,-3.711328466484546
0.3363201138211214,0.22110354713779756,-1.4953818326335158,-0.15136258202891098,-4.2123207781395955,4.138823379886869,0.7832157000768405,-2.7143129203639127,-1.9104626619588485,-1.5779471533333789,-2.915633452341105,-1.486861787193689,-1.0887173203589797,-4.671105378424907,1.2823152368133763,-2.979439288523402,2.9669657089142496,0.10339950492220099,-2.066966706027938,0.4167521304973455
-2.2354726885162917,5.878655267796271,-1.821531860062962,2.075698261700265,-4.38383012062222,-1.0560674319962606,4.2345922171032315,7.196932608486588,-6.017327138916864,4.9607108782780545,-2.76404934341996,-5.905630452419044,-2.6399719608163905,2.8168922178528497,0.3028623211338228,0.9517210654267562,-0.4030431914617987,-0.5535041859990817,1.1340763888695973,-4.27712465874442
-1.6649248317495218,3.132705048987587,0.2895177989233577,-0.5482212609519186,3.1109312044024025,-1.368661999733468,-3.2446253895922865,-0.7287818249949722,3.254311955540662,-1.2690464700963955,-3.144913382771448,1.447738506614194,-6.782294680869978,-0.18007768427323065,0.5130711268243179,-3.5573540783574935,0.9570766104358351,0.38347993772358047,-2.3546685191039165,-4.125568583731349
0.7920082421143708,-1.8100104803205572,0.47064159928257254,5.059365594760401,-2.108615912365857,1.5465463504721377,-3.029509727154378,-1.337037639979859,2.4661663214622163,2.7766588921191477,-0.9662951779371124,-0.15762042173556506,-0.9878586031586432,-3.9823476426882234,1.7745452305234373,-3.3679994793022314,2.011126755485271,-4.765300105074552,-3.48386559509396,1.4552431709460985
-0.12271926118802065,-0.549633223477395,-2.0967852351998015,5.313294777147793,-0.5156779247465015,-0.317996685761077,1.433412069043843,2.7466307392768314,-0.2420062828197945,-1.9497956620401025,0.20699139713882808,-1.6654677781043015,-0.4811916944385205,6.401940591405404,-3.681954323569623,-0.24757436267484587,0.31760065615283617,-4.247891311523947,-0.5311890458134159,-0.08699518829109636
0.7502429549278631,-6.9145668819381525,0.6275915037596751,3.9228656853538366,0.39413421615687944,1.0569599297059642,5.110689386228063,5.934116263572725,0.11682323410051383,-1.8991761093951172,-0.1541426754154841,1.6785925468900964,-2.3693234461117534,3.0456385592341695,1.2032994875073986,-2.481437859723167,-2.8942688910694603,0.4387154534400707,-0.10520158023234243,-0.08935835291718526
-2.914407884974444,-1.7905380170217073,-1.6812325662396947,0.6011309155921101,-0.9448449033725734,7.150251744076379,2.5621572544670013,-3.891929804030158,-3.8601194897363627,1.8689258460883238,1.5354763697755085,0.7821731981366441,-1.4660478994739101,1.3299877523960453,-0.3675723872419156,3.713412096725536,-2.2862242414684077,1.8824236975458004,2.1085279775855508,-0.37306414524651377
-1.5492334323500332,4.047604759271074,1.265122638631574,1.2783820822119534,-1.7824541521795787,1.8951231283084828,-4.4810115314706245,-4.405208167713633,3.208966793130635,-5.599560618865838,-3.8964895245893976,-3.488097736269634,1.269712709137493,-1.5248192429496035,3.7401565047330063,-0.07287447540282002,4.610942060896147,2.1383200005304177,-3.9456210475549227,1.0457250140066356
2.4643944428143434,-0.08473540692504367,1.272248168948193,-0.23569230451814965,-4.6729916466256896,-1.954609252070107,-2.7790254666401744,-3.3270732521605093,-1.4959929952579432,3.8813890825625177,-5.237634332249714,-0.4082954789665312,-0.5048539293535393,-3.514103548166779,-0.3038889790206609,1.491864025360861,-0.9015606493379182,-1.2152248876723692,2.4095222478768776,2.1942445257062144
-0.037871060285565875,-1.322926504948313,-5.627467525690832,0.36949997922152356,0.8148685765825531,-0.8029849439849042,-3.248076937135171,0.07567611669230437,-3.6375944825471214,-0.2904933657744269,5.970479792617662,-2.377693812616187,-0.8570416482690639,3.4963386151992184,-1.874411108767693,-2.919987535617549,-4.412005024134914,-1.192612116486566,0.6185242810853313,0.7908117621313886
-6.275771570642858,3.76652675135163,-2.9669006014969814,5.235457434358798,-0.8906705107433412,2.8205844813503917,1.2141530035311945,0.5896678150783276,-3.3885141478309757,0.7952595562929948,-2.753304156567067,2.9564420885063596,-2.3413773743967607,-0.28549270980124397,5.5408948914275715,4.7696616592748375,2.463182607944713,-2.623060886842784,1.190937002239174,-0.19188664721135892
-0.4235372592440556,1.9539668929193987,0.4184127302017292,-5.232624512983384,-3.5920182256356936,-0.4124421536666755,2.957351691987257,1.2330899786276208,0.027926025276045895,-2.6360232034925604,2.109566297028123,-0.1738054740427381,-2.9943551283786785,-1.5463374715816247,1.8576353604150344,-3.1633580786660156,-0.28318918259917686,-1.4423882143256728,-2.8097245872630543,-6.503526698477623
-0.9835204804889879,1.730695569860642,2.658005606184281,4.172615658231172,1.6150659248309078,-1.2027317847641608,1.072367795059685,-5.512403626105904,0.7053657724816971,4.317491119055212,-0.2834810330301313,0.32986188821297424,0.7236013079517493,-1.0470261652807396,1.8373204195379103,3.1930058705225823,0.8075150459579366,4.467619290425299,-0.06367355229271048,-2.819509696491708
-0.44166546134125984,-4.003037488046981,3.6704844024328356,1.6415715905471115,1.270363968260442,-5.60784972963369,2.380982276997732,-0.7294584365835479,0.4098111126642031,0.3059479414481511,5.023490720959666,0.31845802469325446,-3.644842304908318,0.9978849437797808,-2.790138249067067,2.932259943706345,-3.5187448387423377,0.7705963500600258,0.5950941750297609,-1.9979004734543009
-0.5229450812138579,1.0681021272388267,-1.4780321346402379,2.1387297877678346,-1.4994565613417319,0.10811902985958145,0.34521414236660614,0.4695849828093057,2.6343720856062607,0.340600026239254,0.11508629937780573,-2.2476986601019706,-6.876958867583631,-2.5254210499505962,3.341130945873848,-1.4215770656279068,-1.6717863283352976,-1.4591823965045354,0.5779035731752469,-2.5336639386463276
0.8928684798752673,-1.2152586288509637,-5.3554232278582194,5.65434261509562,-6.326487144709057,-1.7905873868942577,-0.5769131587100462,-3.37315884109866,-6.696714790310725,-0.4403533336568366,0.42678964442243394,-6.558560119422779,-0.054591629227901305,-0.11735097981767016,-2.7563239219407896,-3.4352587922707567,1.468426207868069,-3.2578074005525126,1.5896211247919343,0.371411356021636
-0.0743160502187384,3.3702796814671254,-1.944917328090288,0.19873329690415786,1.9552289441422437,0.8781306786774314,2.6506038186586895,-3.057445012005947,-0.8137845939774103,2.302804623703642,-0.6148577858279166,-0.9688986628963969,0.8424381403740089,2.6888892997174905,1.0085893798978087,-2.7961012811259085,3.010755946440504,-1.462626419503104,5.05349983894319,6.240997751987367
-3.9127597935914142,2.68947781473032,-5.048474342573273,4.2467630189063685,1.4852270523677062,-1.247518263211994,1.5012503086923492,7.296190888404123,-3.340313548929293,-2.3416376899635525,1.5559741846787007,5.208502724132587,-0.12514717163901248,-3.6669527977216045,-4.525512081204102,0.7653755558412156,0.8309837099419349,5.194933664289385,-1.3470205791830532,3.0607099002656812
-1.0377327026298815,-0.9930188576338079,-0.4940944817424468,-6.088125649400481,0.07662675538258029,1.0333704466116833,0.7372955260374509,2.662923280433568,-3.0557358715518643,-1.0798655833232937,-1.047749036564893,6.073954776476778,-2.062779197241137,0.8721608139419086,0.42095531665776104,2.6520074321147677,0.14707020785863228,1.1707871272426333,2.6225152205859885,0.2803260022298337
-0.8687810103257299,2.4283256041343604,-1.1987480076667627,0.0993510580023805,1.5053951697266514,-1.047602472708494,-3.3289686941163223,-1.2579868733064845,-1.0929601385175154,-6.752575818054954,0.7731516624229583,4.721501708791676,0.9035684960731161,-1.2440170027969726,2.2568131863107843,4.846123648046479,3.7708079526590015,3.25873066886952,-1.3044814450326279,-1.0272395853074603,3.489581067317868,1.6968359425089643,-2.8667479794623976,2.903257593898336,1.80986949700596,-4.3575906393543775,-2.2117162422329413,2.3311518466228067,5.1835216269197595,-3.1531271416822895,-2.9364912766454134,3.880859117938053,0.3392816987457198,-0.2800053548015948,-1.3022977995316924,1.332741057050097,-4.127277164503068,-3.4352447155869115,-1.576321620887187,-1.5697011878527876,7.180868488540974,-1.079725153581349,2.7122469770878697,0.18064219565362233,-4.188148648483359,0.3291461276899521,2.992991599832194,-2.3125567303732866,-1.8692501328767257,1.4862753769149715,1.4912015409024875,-4.593940003421724,5.892333047074725,3.6618911753388437,2.841045830035186,1.8963207479169144,-1.4436022315629242,1.9513749570398744,1.570775198503905,1.3674909086170715,2.695650463166423,-4.046788711056367,-0.8676487689294328,3.3216427679949216
-4.656697768352141,0.4094839964232071,0.4377344176298106,-6.1877632094516954,-3.8492369973150753,-2.4615070650013235,5.428431455360915,4.3068460341942805,-4.79693779334803,-2.1444451977218346,-2.9649634673573573,-1.6611155019681925,-1.1380574434398945,-1.5107551721840466,-0.7321910750083462,0.8330828534512353,0.3281155452805209,3.911226453870799,-4.056829192693009,-0.7017115669799026,1.6471658721525195,0.07351367660182268,-0.21369892415018876,-6.584382665489719,1.613963703130633,-0.10844150406698107,-0.5976393073946337,0.649267511050387,1.8754850441258375,3.46128161608124,0.3581993353846675,-1.9980760100789485,-0.0718982013770489,0.8509812530172607,1.2471904060389762,3.776231751458727,-3.716855937326672,3.102884293304818,0.22016594947227,1.4531618292346495,-0.10008404961806372,3.1484956984012964,-2.5970020271179846,0.32088407710824207,3.4542393205360393,1.1264303994141383,1.2115839880239325,-1.3421689536502073,-2.8485761672945307,-4.876885566926979,-0.5659932564677596,-1.6064842238055468,1.0856320943468152,-0.3871593894031749,-1.5895067554365179,1.7662120421917085,1.0208968796558744,0.18595725179947653,-3.555039165286212,0.11070551324361229,-0.4884837994775438,3.0046785480420715,5.271118533000928,1.3793951991932303
-1.27114450876524,1.0486629800306337,3.527511021810257,2.737199011211389,3.736002415616274,0.6017711795823056,3.5581938547136636,-1.695961425845364,0.07845445893930042,-0.7710545086807306,-0.2810171233479743,-0.3686217780539664,-4.675537773989989,-2.33358572604255,1.7394340240253072,-2.7230247036201423,3.1155819782174596,1.8000863334402109,-0.464492032297609,-0.1677139379793312,2.805300686539897,-0.2257170264239925,2.7448511012807213,-0.015314100260516082,2.2195548748917817,2.230633505850767,-2.6671292533790867,-4.232626858770921,1.5472898230217855,-0.9979647185917033,1.3577497339675386,-1.7667042666997095,0.6774450263025907,1.581638670341671,-2.945747585379177,0.07208200094346158,-2.8842458675395006,-0.3400846889962076,0.1011450504617679,0.4254057827541672,4.776043795368369,-0.781188856878826,1.5949858317241667,-1.9182541211329625,-8.01748576079572,0.3207227373383238,-0.14847832400491917,-3.683875229945656,1.114932058913558,-3.6879707230243075,-4.345274670760695,1.1606935691720786,-2.720829873259971,0.14038007784713324,-5.945476431565652,-2.9937358403705505,3.322671207315506,0.3602922081378418,-1.9116169536870466,0.8929872099294012,4.4094894768228485,4.672961054201483,-1.6351646313383186,0.8903439512121671
0.46476738538944856,-1.7723759611851961,-0.8031879878700217,3.0572479033824385,-3.8178249472588037,0.2429411201906005,-1.9958516939730861,1.5262000579916624,0.6176024933366291,1.1732801311252299,-2.566845293796424,-3.389183224248903,-3.86788114593141,-0.18212672524184478,-3.6398293595501903,4.807316286647478,-2.5904800081125523,-1.0114601473368372,1.9506085809784617,1.1243750175432083,-0.8316235084233188,1.2922686354970372,1.4288827058403253,-1.1956619969953715,1.5660919614459905,-0.09649001855289091,-0.5863119655990002,4.010843613127911,4.345619335915961,4.953544339068793,-3.5250955586223327,-0.9928732907839607,-2.464320765653766,-1.9022370477071724,-1.0782280226391197,-2.530900138794495,0.6798633941957442,4.17606891009744,-1.9164899453829967,2.2223389743709383,-0.4904702898224908,0.058817158711581545,-2.2349533364287835,-1.7855162124096702,4.391291165113421,-2.1272688517047103,-3.0584221811848273,1.7536802450291216,2.435970668656103,3.717097209960996,-2.133034476283915,-0.9594507543052404,-5.697007995218194,-3.011993039308339,-0.212892334279037,-3.3007987306742246,3.6952605933797935,-1.3514147138745012,0.44005744632123556,2.820430255656956,1.4161254245963941,1.432300209673569,3.819111274581795,-0.2255919256207866
1.421697147888569,-1.6582909795797547,-0.9418000711897233,-1.7851160125277885,-0.40647016557211507,-0.28442111589880775,-2.122402962602785,-0.7857120809662931,3.411772520109551,-3.8955348028411345,3.3644306616736994,-2.763246510001669,1.28218841824737,-4.038360641230491,-0.8902375362182704,-2.10960055363212,-4.348520163247137,3.82153265096642,3.6640636127384383,-1.3867684572232837,0.4522848691284984,3.5852383878890928,1.783710080505789,1.7658389002293953,-2.6804583283350705,2.477388625734887,-1.4646550789935997,-3.345388054625615,1.5749841431924685,2.6043799980618867,-3.3924326915724605,0.21899987411577948,2.376855609300327,-1.2496543159401226,-2.4259382767311766,1.949649495723,-0.14937228628585103,0.0954999142391433,-2.7987379768005636,-0.5701146071764863,3.9031747476736136,0.9163092203609386,0.2523475867254842,1.2980821776132119,-3.119549588205661,-0.10274914825448528,1.039451900294146,-1.1282916289298337,2.7637765904387166,-1.4809580022115654,0.8265568316320656,4.714119909827289,-1.3405020455063466,-0.2945753663415993,0.6086172253246549,-1.5931315778748207,-0.8793592493221629,-0.6982875389168264,2.894328587545679,1.7761313514030699,1.5412950239569974,0.16347043065707043,-3.974545807137506,2.499212543726074
1.880048089834235,0.7112851140784462,-3.7416775638627904,-2.585045359042774,-1.932478481826562,5.378174501080938,-2.225454385673151,3.422631661755175,-0.9790645030680211,-0.46442276476497846,-0.7881856952092678,2.2677607761188465,2.8915844583917925,-0.9745642119609265,-6.234564316444878,0.4716150718163178,2.6462087386547273,-1.1210736916498996,0.2737215741854308,2.0013781320325443,0.7593464020159799,-0.8110149376643799,-5.408607610703852,2.255834368750178,-5.177800479870072,-0.5213401834477694,1.907640573438364,0.7794227841897365,-1.393931397777968,-0.8155908797006673,2.5051944875534087,2.656063814418941,-1.7292324543293576,-1.1483478299480063,-1.2166386496415247,-5.418477450349258,-3.9563844122553506,2.2422146103233582,-3.098079977939789,2.6679468902664927,-3.7791521518587077,0.15180605874393524,2.4829725835003136,-6.106938090672161,-5.106200774257228,2.6283656351883335,-4.845713110520277,-2.0700100307322042,1.362123272817819,-2.3349496785213777,4.584797382840759,4.682692716903648,-2.901429164449648,-0.965455197962557,1.706986048939528,-1.680975708712799,0.8920253593612555,-0.62471461028836,-2.464239696526646,-0.8565655625587468,-1.3673301761344696,6.465875628785586,-3.43055845284435,0.004481824440149402
-0.7204187845337009,-3.240201678648437,-0.08646499432237739,0.5984520101729158,1.4757150909739856,6.788208296233289,2.629795992104553,5.023958599945026,1.1154669062325975,-4.248673219004488,-0.5220886911494043,-0.47597270462068486,-0.46725389467857387,-0.4106526760765387,-2.412888072230775,0.8066968958651373,-1.155401090386181,-1.3831851635426526,-3.867301028756076,2.5580265405738443,2.404466269272615,1.6263490656894897,1.6726792699928539,0.2999887821303829,-0.5519240321544816,-1.6100195225687672,4.982913309477945,-0.8688390384377949,-1.4919446062701347,-0.40444910651380594,-3.837072693654534,-0.7489445549659495,-0.23257729746895447,1.0454182536204049,-5.004028621022121,0.7659926095588383,2.220096183998783,-0.23214737627232052,1.6998586185655862,0.7049476611792458,-2.563983422418549,2.220835164575614,-0.2504334055887899,5.0645480349818754,-3.23581188189552,-0.7484136070357486,-2.2203377687866728,-0.4239298953719987,1.0433072192958222,-6.641983692292313,-3.1408632038273563,-5.438757704508252,-1.0345768630628744,-0.1872049734044062,1.7922437865959269,1.2370344099610215,3.2175874969469476,-1.4319472060987088,3.5993964021322093,2.2841219280710474,1.088138089534048,2.3053386401821676,3.5072343070081784,0.07704587555349546
4.481164701606825,-1.5144758066674604,-2.276422085169538,-1.9747348794053075,0.2658268177778291,2.756518116086903,0.9406519843887009,1.4909343110439774,-4.912535280080237,-2.249973223657755,5.0946800630517775,4.63251323277851,0.8947895133007833,0.08877893826270447,-3.8188303865026345,-0.08961486483417136,-0.9544102284368765,0.01673660962767126,-0.9601386217030285,4.911464211765864,1.0175671741796013,3.795176796706121,-1.8185579394295512,0.9865166790187907,3.9005481663788424,-0.8579780334732151,-3.2312754742852796,-1.1088214893365969,1.0089662347675006,-4.390751665158003,-0.5558859174989506,0.06423425828628178,4.286388059385888,5.036565608434723,-1.0229400567005282,0.02772863279594908,-1.7133106441748196,5.065488377331711,-1.5589688607872534,1.2107666816872795,1.9964631300872624,0.7277187675633567,3.526329371954157,-0.8971939570562166,-0.8490709008241151,-1.3429510999482026,-1.0743590907428548,-4.539625117631655,-0.49957088504202507,-2.6961479880125943,1.490014178609956,1.4993137054235175,-5.5220065016799555,0.4625929962158899,0.44673858842108316,-4.076539958317397,-3.1712623382936975,-1.0561780899579745,2.281400346370022,-1.6396926701401924,-0.4902895893186388,4.726912264764431,0.980393696358731,0.15915818963789125
5.503627777173792,-2.1586041331702477,-3.268602952203035,2.37179883410895,0.7985297196522693,-1.395094317594113,-3.0531163151474727,-0.2980937706995949,2.396646842204418,2.0435398856032303,2.109968486304168,3.8583545841964435,0.04132648290194611,-2.7127413662061475,-3.341925610231312,0.1714770949518569,0.23123768548299642,2.6203727494712123,3.0558810268874623,3.5399822293382033,-2.952345764478351,3.622978495724036,-4.381622150816041,1.900890411916011,1.4078164614133275,-0.9216929649141543,3.9732750177803453,0.4945327702602867,1.1760081825190065,1.9355643992782174,2.4791543047222127,-1.1372950767257164,-4.822982295000083,5.141463087616506,-0.43474930716767096,-1.0125400295100553,-5.894378880866743,-3.6547983705796288,-0.8330018342788912,-3.511448132484565,-0.6413754848194334,2.118662437722585,2.845146075881474,0.27233852351421717,2.1789220952835895,1.2526366351139333,1.179636906301713,2.676249183197341,6.489483370544777,3.8982902257496805,-6.3262401052176305,-3.3672846921293713,0.11185416477450125,-2.4402459944429684,-4.608934213423501,-1.3902230039030448,0.8971673308963384,-2.4494685929786035,-3.3750299815720126,-1.2975673547238347,-2.8738692896865445,0.7165971621622362,-1.2363757363504988,-3.2968146526264652
-2.069471589644012,0.2712547834467661,4.3845039582793515,-1.706964937632104,-1.5156057225926447,2.391876839416966,-1.1156746338161416,-0.24882426087464996,-3.816881147893023,2.712290078422382,-1.9302685976697522,-2.75626167688873,1.9037853999813903,0.9472815190308879,-0.8599938653341267,-1.4199108021861355,1.5943140999516596,0.44362265128224426,4.382033738154935,-1.236453338740393,-4.431140265125652,2.63568924854707,-0.7830346012276534,-1.2186997574690674,2.998179732417289,2.494660722139581,1.364077949050086,-5.413545210867081,6.103042967139286,-2.366370242179764,-1.6902563417584446,-4.605730125855821,-5.401932034664615,0.6479723302162119,-2.094298031336348,2.8391450977036263,-1.3033372745918546,-0.5789388809235044,-1.6219880207215716,-1.5798503641117883,3.670374721342981,1.3879107665199355,-2.7492179465471596,5.29432200625214,0.7699660445733993,0.20783871329436907,0.7883791662899393,-3.347347679907763,-0.17234756163800602,-1.1730214247754467,0.12481796534442416,3.163636025424206,2.7628917446290835,-0.9846456506614578,1.1885139886591138,-0.31653832420143213,-1.5500576662798016,-2.8241153752021386,4.381412145998496,4.872272308026975,0.488610504612662,-0.7874185365455479,0.0018469073808660072,2.026173548195548
2.048190173880236,8.574143981910861,3.1062436171117414,-1.217331389300115,-1.2044257408154877,0.26116011743660483,-1.1974924993879024,2.2595239078719427,0.017970252998324623,3.535171038143672,-1.9366504075096582,-2.137262240386208,-1.7248325789984151,-0.3825048116391605,-4.498635970696542,-5.695614164761972,6.240894620573774,-2.3690865144818187,-7.854325081941846,7.093021528959552,-1.36745592603654,1.9864453882547846,-0.04290407463842202,-2.4315372581945964,-0.42357537334811046,-1.3899672011678856,-2.843513529327439,0.9697365728394249,-4.003949897000613,0.6535287177048302,1.9908136422388036,-0.5922191717602525,-2.834122389734715,-0.31146022795361933,-7.085809937079947,1.0903142791774212,-1.2117903636588692,4.730474288421491,2.651314320201347,-7.01165432537593,-1.7242250711529317,1.99808752840147,-1.4234100945907167,-3.7204975565695992,-2.404261337366587,-1.5207211871354507,8.012443974532498,0.8604005882004928,3.028844388961867,3.6130133480758007,0.7978361576405851,-2.639080622067637,-0.8841377413413466,-2.1879766866362997,-1.5379429044619852,-2.165230898081406,-0.18794184772488076,-0.81273529417787,3.8285289684114243,-0.03722315989130554,4.348910581655358,0.7819161438102454,-1.0652276645076735,3.537637537995412
0.9348256771911604,-2.194865743723891,-0.3992201342615436,-0.6694748306132591,4.849134160163835,5.301163416144282,1.1235530399170788,1.4671430728956463,-5.183256843335956,0.8627187614318239,-3.290457497403781,3.4261761209819976,-2.0191620418964438,-4.568558740841164,1.9480329807566235,0.7482632409300024,-5.046830883730289,-1.7897551436286552,5.145039765310607,-3.062009967983407,3.599854974049579,-0.7852280517759579,2.9204838198585765,-0.8222243916901375,-1.0888633827122016,-0.8915979398238236,1.5551782507967624,4.491085685129117,-2.270054818689338,1.4479753370385036,2.423882549108064,-2.145211065657898,2.1182931583145512,-2.1197099810503426,-0.14435073510176163,-1.4814562797689912,-3.7828902340829025,-1.0061802272312752,3.440776580305733,-3.925340697040773,-5.876231827544846,-5.249719210084956,2.8301019927939084,3.4323889519910713,-1.1188313989260725,-1.219711234423625,1.10211993015293,-1.541641324090636,1.2303314409145316,-0.16217326193159637,1.9438507480244107,0.8406176170573303,0.9409546241275253,1.7750236568805815,2.1165979514506033,0.38527911049922214,1.908912621772834,-1.4888857769224133,2.6455167291092736,0.6437087125248883,2.0298806785748553,-1.1644281156876826,-1.1126633357951883,-0.956581181480852
2.780064749323963,-1.3303080357121364,0.04773000883895079,-1.1799022248267015,-4.6373074640910295,-2.3843396322919763,-1.680166189458288,-0.4504863858466953,-1.0707019882459732,0.9186620123328134,2.4310458847052545,-0.48671678421895875,1.278733121371908,0.4771866457503302,1.9037023664136106,-1.6626242092711623,1.7092201107266882,0.4666099533395438,1.7995509214332983,-0.8355925107436712,2.025913340113823,1.5810511861613818,-1.030272206953625,-0.013798218764020119,3.4436615112721727,2.4359613893523067,-2.5638678451093053,-3.518903969976302,0.4288243150090255,-2.6212698947399726,-1.4387099708881168,3.8568123930655487,0.8059433836104863,1.5859980836285734,-1.4784360709516022,1.512109848084209,2.178592179827469,2.8110848063886866,-2.4381268184842373,3.6613311038608423,3.3051958600273017,1.2355989170054649,2.8784642782984955,-0.4637536451498703,-0.6048231573912637,-1.2710692499909169,4.037730277506968,0.39119197416931084,0.24142757330270276,0.5871449767703788,1.3291158488062313,-1.8850861909717427,3.0050183825209213,2.463797502036186,1.5846413771451848,-2.295636473408506,2.096805997729436,7.065003480219637,-0.28935243309117487,2.807677645022131,1.1919805864007351,2.3022336346933927,-3.256209100695684,-0.6511027268562468
-5.069380994584531,0.27103346523002425,-1.3992359219055752,6.393579871273653,-0.004074913021379377,-1.9250812290921877,0.8419146417136552,2.3782492342608723,2.883141134339734,1.5411110386530078,0.057538839584009814,3.6226474038836347,1.4713382670386865,-2.2955262828505676,0.4298547330214498,-3.657657509592837,2.764549272543329,-2.5879970417583404,3.5878263646259136,-2.7994525762708093,0.5003626116837038,3.7568769376703157,0.809751003107525,2.172021555026485,-1.8327879316643432,-3.2620838479301595,0.6794173884073962,-1.5189336459332758,-1.0320576727384299,0.9445663082590954,3.685030522514209,-1.4447063204387665,0.24682834248827357,-1.5485775433089783,-0.003002958121455644,-0.33594607456542824,-0.8764859248449057,1.224464449178788,0.6661778989223625,3.5141574469178174,1.004472191169494,-4.344513429125371,-3.7153829983588125,-0.8259270709577488,1.979771955450341,-0.229469746282982,0.4246383493740569,-2.8609870090303025,0.7793866109620233,-4.068783540042767,2.1183362930532113,-0.5898536777251222,0.22609510674554795,-0.37129260478133225,-0.683266846829664,1.1135456841896447,-1.4274965389473682,0.6995641785368687,4.619614480398472,-2.2267410057590964,-4.777698768131117,-1.0524358678748147,0.010696640060083938,3.159676370273094
1.9596109390381165,0.7620395610237855,3.198762924255676,4.683366212420689,0.6674941742392213,-2.783362174243925,-1.1058880974157588,7.995365062861916,0.7202516636095083,-3.967580821993336,-0.7094787003581626,0.31841864642273654,2.926917828844795,-0.0863890908885902,-0.3398953039380203,2.352451213867451,3.492423912612824,1.8035775780906063,-3.18957701999126,-2.1875970569254566,1.3553864236878015,-3.175692627205676,2.365769735269482,2.305186718778279,3.4253796472429867,-2.977696066587363,-3.6913500384806257,0.8269309400235181,-2.4260387836987234,0.4906295824980875,2.5777408797895234,-0.3377817019962707,2.984714603999319,2.269810647241178,0.6365216545184504,-2.6411215601341196,1.7214890140136443,4.326853250585915,-6.204085319672199,1.7469059911935365,-3.870555652131895,-1.9419866687250729,-0.4927553270283108,2.5513906264335864,2.632573543979647,2.5653197490985247,-2.482079986416643,-2.583600196452732,3.406272996343028,-10.530642508695724,5.148359275386468,-3.3231824545358877,-2.323923915561966,-5.688880652966103,-2.7240566375556154,2.767839942542417,0.9271426909542377,-1.1274712374154658,2.201347716275017,-3.336584136205239,-1.255420262298605,3.0428747867741808,1.7957483880364404,-1.527591658823952
2.1020557295264273,5.213714303483773,-3.3146202255047976,-0.7517613313453915,2.8192418834526416,-1.670160869328809,-0.1380196943584092,3.068270451016569,1.3679770398660867,1.7217649658907734,-2.071113064019163,-0.6206382829964612,2.0016666333668,2.15726657414042,3.0565847378710824,-0.492922429535228,1.891806742998552,2.725679799976615,-0.9417164547789707,4.262573656377501,-6.465046294486006,-0.9411289275389016,3.4466868049536665,-0.7207662875923666,-1.3433872765589545,4.023370080935303,-0.5098168326732802,3.1593192627460662,3.6479847682640174,4.9803567106472215,0.3804650954001323,-1.266663319005544,1.586892328977465,1.8240028706295492,-2.8739639766638896,0.4570494241525732,0.1950191805800703,-0.24223834602873945,0.8054218796530128,-0.8777223320864349,3.0996002074110174,-2.492744975282294,0.6590409916359579,0.522151179455929,0.7158542363985969,2.853101848093035,1.348695044881517,-0.038561439256708525,-3.1028888973282642,-5.035400951100733,-0.8575233193937706,-0.8645852825779348,-3.5574949123458532,-1.287787388294566,2.334345156317103,3.8189302689844276,0.2968618074531809,-3.6663454547379453,3.667359980649561,-0.19060489168554062,-3.5050591754560325,0.5734110607032066,-6.6199170731411945,-3.3909936990727036
1.5577488110187536,-1.1363557301289517,0.4719276290085657,-6.578710293787724,-6.438703798876427,4.402899188214484,-3.939293224519356,1.9386221915745425,2.725463704534034,-3.5746738973530015,1.8765271122738962,-2.9686773825712494,-1.9512743021603054,-2.04803188636531,-0.49821375512098054,-3.4425532833021424,-3.632649938762408,-0.9320629984665069,-1.529507731934826,1.9843246603596234,-0.06272006385273957,5.575239834049654,0.3171937936227124,2.5209061686907437,-3.0569694295458034,-0.6268270618518315,-5.0409794943815625,-0.20788115608525926,-6.202767952181571,-4.992195740237305,1.3715385532075002,-0.2739983389761399,-4.899679634368342,-2.286986423832226,-1.26645716697956,3.9578661621419,2.2812010303659984,2.8354360107459398,0.1965231268044779,-2.9439077975066947,-1.1932920294372193,-3.4499466673817363,0.05070399501865693,2.350265145588729,3.3192862301392663,-4.315695478977759,0.3309630704457753,1.6624257733734176,3.259041549416569,-2.374009490455268,-3.1038896322739458,-3.600952924121014,1.6898839218178652,-1.9134925162017706,-1.7697277618487646,0.3591278836361992,0.5625162762550138,-5.857101913749027,-0.3374312106271278,5.930729643008499,-1.3781363717784407,1.8713720602617778,3.344505994576445,-2.514019072059219
-2.162777939661557,-1.5316768209050844,0.9309682549979302,1.9614177537354092,-1.260059753992295,2.369435968922105,-2.6941962252315026,-3.0793806950649483,-2.1571304401868394,9.726384129652224,1.488586598716413,1.6641885612627831,1.1675782831864967,1.0496299654456882,-5.584917907141682,1.2102650199451546,1.5029055639880617,-3.920172754944404,-1.5201654635252195,-0.8491516546011888,-3.9225071850607565,2.1314105528172167,-5.128306356709306,0.3679035285530139,-0.7926960899783813,-1.0970191326174241,-1.2169118965021748,1.6642677926195821,-3.9834455888306053,0.5593689005099932,-2.7727610113032917,-0.22548942421081347,1.3048276982773839,1.0508819079400635,1.0675197708011934,2.6679784002709446,-2.718418077077996,5.65243446268069,3.33850975446832,-3.3663680436534595,-2.4381954072050873,-3.692969973937603,-0.9073612885758652,0.40047033096963724,-3.979571145091435,-3.270355975367644,0.9588826177409614,5.784002691024678,0.19946348511923814,1.1828120797913888,3.526778782648642,4.330421754508787,-3.37205083978132,-3.0985001298608332,-1.1841825683142904,-1.6206469305271995,-2.151560072028349,-1.8938926872582031,3.4292880808519315,2.3867446243029695,2.6334480985253386,-6.946034074526635,1.089865974693125,-2.8298901201887046
5.249484428838443,3.2739380920081835,0.45819202755631067,1.5576512558021935,-0.8700701049978548,-1.3012628827704775,2.693492458989593,-0.20100908911621193,0.9809428226620489,0.6931585980468822,-1.1280568970465517,-1.4524924726068043,-3.613675375388264,0.9242199236172461,1.3612385813398573,-2.353823894606876,-2.464357365243701,0.20556029066053966,3.212875600021527,-6.365223018375145,0.23983799932977887,-0.9624948633589563,1.300644961869022,-1.9498551630610588,-0.9857878824585063,0.4748315526266916,0.6308174316441459,3.4604715694286927,5.397793353721285,0.8936150344815262,1.204422312939079,3.0512634902892026,-2.071630617206376,5.126500772337186,-0.5008950497578528,-2.1444187747841297,4.120768809734182,0.9734162130009805,5.134028911565039,2.6946530568734257,3.743361026939005,-1.3916684288484573,-0.41000078987878796,2.4363087387472904,1.3866959053511165,-0.384268540364585,-1.9042090064302566,3.2999631719266462,0.720963850914508,0.47785070433950627,-1.8607340026684192,-0.14599581002097206,0.6570692500838587,2.2766839897497544,-1.1128105660223702,0.17284803989554182,-0.5757535541984357,-5.52423756329344,-0.8186107244232559,-4.588810056669682,-2.07573987029065,-0.3371032253553745,-0.5330298774885843,0.006489575821255665
0.18282998623302238,-1.5116377833206536,0.2668021460267492,-7.8213287597084005,1.6590478623663176,-4.398785150175724,2.756350978259257,1.4338204997055213,-2.415043957868345,0.8570734611037389,-0.005079874266339812,-3.3537523277055765,1.9805339329043545,0.9129316694408293,1.6485437510626466,6.635631627017972,0.9436332567272379,1.9724803237403632,-0.24975929170444539,-1.1726697308415022,2.6894420792436486,-3.9952160466854005,1.2459517069989312,2.8866302011459775,-1.8156750342807468,-0.9479780789483734,-2.0350650545738267,0.7430822419285064,2.885741577514011,-2.2575982439960836,-2.666228300230247,-0.9701469540744867,-1.8119036853254071,-5.886927812388468,0.09007084332814866,0.8765198725689909,0.01049934484459102,-0.01833803300292981,-1.1168102972630836,-1.226677012036346,-0.7047687438914205,-0.29583821605286237,-0.9255943776931577,2.3191082886865697,1.2818845296759742,0.586948568896942,-2.4544095714631875,1.378853417226313,0.40376881970202516,-1.1068668396829808,-3.480691050137443,0.17488140546495254,-0.24812111840923773,4.783872335010269,4.290873080771398,-3.07569996464985,-1.161921758010984,-2.2552633964588864,-0.6545308235835995,-0.30068426250745056,-3.835532016238762,3.465166318301704,7.2446779683501354,2.692407529605667
-2.3678985912782142,1.6915819327495818,-3.766312598823281,5.976279063582093,1.5615781186378155,-2.1722818152600807,2.821219628145444,0.667661839908864,1.5291014194808517,0.5675227552108386,-2.594530028226536,0.9712476220296885,-0.7870131298446237,-2.0930182333964176,-4.035832601991285,4.551401231209798,4.245078248459004,-0.8095243527484621,0.04892601542785611,-1.8017239450931777,-3.8316106448598575,-0.4473518702187064,-3.364391770988055,1.143321360316275,-1.835404814071945,4.626573927862474,0.0015112612818868401,1.6226216269355915,-3.350376454355529,-0.882242516481164,-0.8477061289045098,-3.221407093318608,-1.717764096406242,0.9741861645858315,0.7864763368872317,2.9594611536192064,4.753987794961972,0.03301302051367514,2.467341097499494,-1.5695333595426888,1.4809825288441703,-3.6175523279383546,1.6159697418609915,1.4071331611601856,-2.459316267960435,-0.6297791706348018,-0.3466296321886001,0.30347123900721396,0.4599884835557818,-1.9240599929965163,-0.21158693095460646,-2.5200753316368845,0.9171010672063102,-2.7510369255325906,-4.656098143941309,-2.4023031651129134,1.5927419063511525,-1.7461484853927292,-4.595787255682212,-2.6091414112406603,-1.0229566249269706,-1.2708214179911388,-0.498437668652292,3.440760258232833
