-1.0416450124015755,0.48061744343192236,0.6404602137414039,-0.4126891374946266,0.07359675963827547,-0.8103909871846436,0.32779650627590784,0.8560125410129056,-1.5741153975534292,-0.10594668342750423,0.7106448805544726,-0.8772375614414234,0.0703903139762969,-0.06586467508383068,0.20295175697290344,-0.6494933447936919,-0.7291698228890884,-0.9490858785414339,0.2410830025054307,-0.7373210913108145
-0.2544451917003636,-0.24034679333564463,-0.33306739641440536,0.13151514988521787,-0.09899579405224278,0.07802330939854582,-0.3666987429423267,0.8548224206210829,0.32919582289616023,-0.28289170636726263,0.6539686698855268,0.63038856007786,-0.9320849959708808,0.4421018385848249,0.4211145055159836,-0.22227137975353722,0.36142706852791373,-0.07452186497457343,-0.5354390162220454,-0.17413582016595064
0.38489978952864795,0.014815423595741714,0.5647638919771505,0.7712245412610721,0.43186636631863035,-1.315624624745586,0.044938726621301356,0.3685012803523873,0.005785430761622079,-0.10850203556673135,-0.2299875611094697,-0.7139064512120582,0.3492752594265616,-0.4088970934173104,0.05866538520132465,-0.22434432741326166,1.7543890720017226,-1.398806746744695,0.5147837153711533,0.5300756461061331
-0.5163669187746855,-0.8435325870655371,-0.1506990705163873,-0.14375746446209164,-0.2112410840609757,-0.21790963249548198,1.0884748961669086,0.18740420871988375,-0.7536328673883382,-0.2563519752846785,-0.793920076798487,0.3625851224659138,0.8595197143546317,-0.7210696809672521,0.5004502932814152,-0.2556022800642813,0.7875639193915516,-0.9203090890375614,0.035174701618893134,0.2164123844010934
0.625844345208983,-0.23551781383550455,-0.3083531303298436,0.35346162819437016,-0.00804877683516872,1.157908218360743,0.3548177285330505,-0.1894215441195709,0.37105841740462464,1.0464748823790064,-0.11672088879739229,-0.8006592918202221,0.5900204163534531,-0.4022339093459081,-1.17365220874819,0.5841439302383944,0.11755215303658836,-0.23697559147139324,-0.3251138652198263,0.0962996458247853
-0.9830114774564542,0.32264239250674476,-0.10071954953882324,0.05760906623891272,1.6900871353086888,0.6661844235351104,-1.2166209262484637,0.29710445413036324,-0.2743666672408627,-0.732183414219099,-0.41273216643866717,0.32942023959778965,0.668034563528263,-0.0691400835516899,-0.6254102856996109,0.6030932939976724,0.06935851143017453,0.41068189657493653,0.33201955824889584,0.009168785599040899
0.654592521565085,-0.4313716800866619,-0.5808297753350327,0.3117891828679097,0.139866662248723,0.14915911808359478,-0.7210498788144998,0.30403893009919836,0.17807483525515513,-0.0054424469249233845,-0.5078262895253637,1.401541155346738,-0.9486492090653779,-0.24835200794340906,0.07324932071324572,-0.6557240315302398,-0.8916877136443913,1.1378815521463421,-0.2646323273247599,-0.9212666300892123
-0.09766128138614763,-0.6512828443844468,-0.26475109609469905,-0.6838706880280069,1.3311025477995162,0.14786393562258687,-0.18827778030253506,-0.6709539047844968,0.2436204640485809,0.4889784025947931,0.6633038407062339,0.4633419366012019,0.0830574053155817,0.2640800689866095,0.23277305537821003,0.5147450091481273,-0.1912472472945635,0.49700922136252446,-0.26545394462448446,-0.324754195650785
1.161489560929541,-0.8939718853409035,0.21553716626141176,-0.9222122467739261,0.8829278249386681,0.05637090154762556,0.3521432534816432,-0.590818119028242,-0.026710624823170395,1.463493853698302,1.0794728715537145,-0.45598970036822783,0.9604000300594371,-0.15956324103161196,0.04723407567865778,0.6636383748752644,1.5537906638500316,0.5666092605026767,-0.012825753721256716,-0.057144717474561665
-0.8296973712316471,-0.25492561270771125,-0.20845241293698014,0.11768055604203878,-0.15833877465773843,0.6488190788081983,-0.12357598819600914,-1.0773790787561757,0.09135787922466776,0.6479173073280471,-0.5135855408076874,-0.440152917071097,0.23709138744479644,0.24965789733549407,1.0489251644958875,0.5653525897952378,-1.2617114792702289,-0.3390507275130175,0.010348861405151196,-0.2305613091162439
0.017544268774704854,0.30287612436219274,1.272939351740141,-0.7084049826822041,0.3368305677789996,-1.0195581281343333,0.28967780822315764,0.1915455222068852,-0.7147658156653746,0.4828422172760142,0.44009095644709845,-1.2808182710907938,-0.6357645258269073,-1.1916789042213525,0.4491590437679023,0.5619809048010209,-1.0048215285721722,-0.10613418302837647,0.06467890964278798,0.976026424396415
-0.29054376693217654,0.4863838453759567,-0.6738704900024114,1.0883205254246777,-0.9830378926701553,1.3530185307293467,-0.07319929942677993,0.21509877059173077,0.2428934408945034,-0.24209003285789615,-0.6593556139005468,0.7414355182355603,-0.4622826610400716,0.19786137174408155,-0.49274283960188714,0.44541613822396353,1.2830687908058585,1.3683916326406864,-0.7566664993527557,-0.4525454874487218
-0.0706254727862934,-0.1794012632387289,-0.890345688858623,0.4923331117978544,-0.2285683201908906,0.9410408857376784,0.2019160438968938,-1.1887786885188392,0.5819743572640705,-0.2914426134330435,-1.0877933218686378,-0.7376736671552772,0.15857428367293044,-0.45965730172356667,-0.3337534607707828,-0.62069537154613,0.2905592193414125,0.25194239323123724,1.2181686925435788,0.19825832209963073
-1.0342887654874466,-0.48073347462317023,-0.3374476003822381,-0.40129067170421573,1.1231098396433346,0.5276260686329759,0.14592426791056332,-0.9353206464546808,0.2857771191841171,-1.0114807134250243,0.18840252110161373,0.33736945539497,-0.42191679345819944,-0.3994829054768587,-0.3896002528992629,-0.19352402963479273,-1.3394120440970467,0.008719316472704158,0.28574169292548185,-0.311629703800638
-0.3541990023797808,-0.10742597081044322,0.4062598347545241,0.13853327646140626,-0.6447018917376692,0.10318915249715016,0.4020330940463262,-0.009605702652238453,-0.47361334338168,0.7224239190107926,-0.6431667312468343,0.30171477239249356,-0.6991020696286819,0.006692198802064092,-0.21638413444236596,-0.2044570941799439,-0.7823876244170851,-0.5955043397066594,0.13304226871807384,0.06121750249449234
-0.3418238530159863,0.01852531965043077,0.3549368722519884,-0.21026603193717347,0.15056183039752058,-0.3144240395859186,-0.20501067765840938,-0.14855947638125871,-0.3821958798207324,0.9924185298850978,-0.3904582247174131,0.45814356816110796,-0.26182205419855503,0.23996354216217342,-0.6271932522412033,1.3628885149342704,-0.49435052159327997,-0.30054525036495494,-0.27877272978067985,0.0009454550247650316
1.055262393481084,-0.04639968190646625,-0.06200782619399863,0.5581157091249175,0.20756401569383076,-1.016333071605783,0.4355639014268742,1.052605510793028,0.25245914248888257,-0.43976557841468555,0.060581585126060086,0.8666087463691905,0.08742760054716733,0.9227692668506329,-0.5422339221978294,0.29686084197074414,0.9054989838212947,-0.9213233708111175,-0.3685581638298834,0.3464190443761938
-0.6382252446048385,1.0340254760004153,0.1985600129276756,-0.5455098246594131,0.3546432301583659,-1.1961338488471462,-1.326716204052817,0.5248469127550168,0.1263475055646698,-1.0007992471480955,-0.34225142077578324,-0.39141784948108566,-0.47456921208162917,0.47538892340060035,1.1158196206372601,1.228013487875069,-0.02259966780503489,-0.2555450066271642,0.03643363702350058,0.23213725310050887
0.4725131913106364,-0.7826739145879535,0.7733231405129762,0.6678656975390975,-0.8594155335077073,0.19712972186863006,-1.3714843179549046,0.1439081643664711,0.14806666900017035,-0.20336668173483488,-0.1449486063221737,0.48807228091895094,0.6949182027432769,0.4310435561794178,-0.7671759931209876,-0.6935409413429718,-1.0966834036900224,-0.531275349539454,-0.6916389170680777,-0.07792182795521341
-0.6247687119329498,0.3557572390849293,-0.19361325825033024,0.21637905657611733,1.237849506911345,-0.3566843541750784,-0.47637514889736354,0.04893436406673175,-0.1857181511205426,0.41599439436622837,0.29576801406980757,-0.9111918963375916,0.3833211494115441,0.5106138344132397,-0.6377259294416762,0.11329347738858761,-0.504033961982634,-0.48082508666961316,0.7473508939394898,1.9259898759532406
-0.5438773053934762,-1.6028874027321423,0.8144046245361609,0.7930967077484313,-1.203896747880173,-1.166762090814079,-0.5991783952678397,-0.18213154331736203,0.8674454795440354,-0.3271344101072899,-0.34249562470917927,0.05803444890181825,1.1207259737013682,0.38775965282659125,0.8602286326721116,0.3856999221908861,0.29177442842345963,-0.17248309666656414,1.1137237019041268,0.19400074721101163
-0.7647497828922519,0.9141643075040476,-0.05420605217071969,0.038990182962845316,-0.13691561358721432,0.5612732209516839,-0.921703063249153,-0.36862636612538086,-0.2934813141199534,0.16184479295304394,0.08571121342149907,-0.29204063431516447,0.3643985949296471,-0.5108817501494898,0.05864250227658866,-0.018077828918397744,0.3618202357210631,0.9956243820479134,-0.026029199930569038,-0.6798693697140618
0.43916440960531966,0.5495128957150681,0.9075572864834153,-1.1561723401219153,0.29040537995834487,-0.19860420641247223,1.3332297709414271,-1.0519508352376024,1.1371239375198248,0.3042156179887728,-0.8774534029790586,0.5030985364008064,-0.023774355846954948,1.2228948831105837,0.6296991663933305,-0.4999794986385799,0.5727193278148388,1.2710069911397266,0.3987276396957643,-0.6165956128446054
0.1126976838730043,-0.9146224915357559,-0.5060529931888093,0.023790316028215713,-0.18544905673494574,0.08879689091933116,0.35920063047991607,-1.3446950964465278,0.27048078989931545,0.025038373852221796,0.25709462499418195,1.165078029366947,1.2033938920076719,0.391296815586923,-0.9608622101960977,-0.8813720695772198,0.7398947274944851,0.4538241853452496,-0.2327385291266995,-0.2530508935622692
-0.5476819920686,-0.6889554104381518,-0.4693523520351847,0.09294141199508602,-0.30975063320432317,0.04466230386978899,0.8307244839179884,1.6676421191040998,0.12544062296253775,-1.0655541405845752,0.10875021209344515,0.5321621238063394,-0.295814053002874,-0.2952808829527768,0.6970226182754264,-0.8072737327765974,-0.34900474620585964,-0.26719918351244276,0.3047464457020596,0.08409281330724604
0.35930268488662315,1.1350005193256345,-0.264879156427038,-0.42225979214887455,-1.6870497129717854,-0.43515828163680637,-0.42999652320673754,0.2026500957852298,0.6107974302583135,0.34962137355568024,-0.45682316241384874,-0.2728962197246826,1.2720732273297453,-0.12686801381260274,-0.16872857819045634,0.36363166103129263,-0.8988578379622958,-0.3079050479532231,-0.5551118881719869,0.4925488098598864
-0.22693086804718324,1.7951190578588114,0.8667870658007766,0.0766175548565103,-0.043360255747657575,1.370246314868056,-0.14733575755970557,-0.10090547396498084,-1.3070655670473488,0.0950814385168198,-0.44183409130272683,0.5344097615624729,-0.09609657533434925,0.6326946145509561,0.6198496793187792,0.35500684665487037,-0.8390116514628124,-0.3649121155990266,0.03989460920693905,0.699233614260081
-0.2378602529654587,-0.5344312156759274,0.08850719928203712,0.49324961553699775,0.030607070287559414,-1.1773588065415959,-0.37108017105165003,0.5736101845810961,-0.20868211298836925,-0.17754575922901228,-0.10839102174064842,0.21176898601030517,-0.3285410661054625,-0.04284941349045999,0.8893014858841122,-0.4448961845546346,-0.7823081366602478,0.8777004102377681,0.5851180902732147,0.08203157473622344
1.5589002476671616,0.26592103441668913,-0.3900931148417671,1.0354516655389547,-0.4056243985407447,-0.6179518241297859,0.6392914158820516,0.6880320313220157,-0.963538249561386,1.053498379795157,0.980073637723218,-1.2778241245003774,-0.09594000574727078,-0.09459970964310678,-0.9847152448226354,0.03569518359441515,-0.4063363578986359,-0.4230395077590144,-0.8682988612028897,-1.1910888967357858
0.6638369846909713,-0.41936496010801944,-0.21167114621236321,0.27450453801559477,-0.5820181092297911,-0.3788170668898106,-0.8281268478669238,0.6914732132535569,-0.699122609856857,0.6732423269644235,-1.006475856846711,-0.5509313291199619,-0.9023202494818972,-0.8661648055072952,-0.2454847653215315,0.28486951214639694,0.07718710620015437,-0.27659363466538056,-0.3762904001914273,-0.5767193867668609
0.5186862925747546,-0.4689356568635153,-0.6576792889542222,0.7323287843387124,0.8446500336935898,-0.052599604954886914,0.5162866359162915,-0.4131170442280432,0.17086242729831339,-0.7741454283754677,-0.25777953617187194,-0.9175127610480079,0.17660711502343104,-0.46221564249139124,0.45818695622903755,-0.7607944155859806,-0.8622999836591156,-0.7585758301464767,0.007517437561627563,0.2683637790419583
0.4200107175775463,-0.08317104839508987,0.12882570951625952,-1.2125769603741863,-0.8254070053385977,-0.8452842586248872,1.2403315630771807,-0.9540886449914405,-1.071227607497106,0.032634131820711856,-0.5261209568012826,-1.125637184722103,-0.7484638550768735,-0.631686544557278,0.9191347185679458,-0.40483086144629066,0.02479728909772101,0.5358540823943354,0.021627160471922167,0.09658208618508993
0.5002954647969494,0.7275406818781764,-0.287807344154098,1.146907373047856,0.7579552159112166,0.9563602950449961,0.24507525626914464,-1.4206698745633854,0.057574214497401965,0.4195086941739449,-0.6878480840614583,-0.4229710852075981,-1.0551564723371858,0.3051591494978543,1.6826500327328202,-0.5775591183394553,0.8918670967595228,-0.7436429651911742,-0.015131287183873687,0.47386801936637934
0.30785071696635574,1.0682682071236438,-0.27119426335111585,-0.6509493611974693,-1.386858721843604,0.2105899891931307,1.053516537473155,1.0498723867775057,0.9485381233039794,0.7522002786214022,-0.6940544459096339,0.4898013615396407,-0.3651568332187025,-0.41536398474774716,-0.1630310073886086,-0.4941793671016681,-0.9644375927593712,-0.5353328196762006,-0.5470941610986501,0.542925586025925
-0.6167987697741875,-0.0493438552942017,0.3511262827004069,-0.11751835754099565,0.4297205674632466,0.35711130028647436,-0.4215746595782335,0.15739433960039295,-1.160182518082686,1.1392743168208712,-0.6717139381093981,0.4894978929594975,-0.43594048932268503,-0.23338656866300972,1.1432237055942611,1.2357241995432702,-0.4640124115275604,-0.7175120153897839,-0.9560825693562643,-0.1148430622774665
-0.7741900216581126,-0.23546836564295168,-0.3927726659992946,-0.08177071207188888,-1.4666880646434846,-0.3438060458641202,0.16707473477615542,0.2664586323555672,-0.01163815311218029,0.45502391281751,0.1416836628101176,-0.5005871705672154,0.5778283076806539,-1.701070897458878,-0.261315017436159,-0.14661775599292018,-0.5625001215940398,-0.4433361548292303,-0.6829199883394017,1.2035943123246562
0.13843749669227365,-0.19589482812053052,-0.7384819069983021,1.231851118714045,0.5672953101857736,0.530149723474445,-0.6327656542383502,0.56608020263438,-0.3872875235358342,0.442061503113241,-0.33552509298420286,-0.5738127049844473,-0.27065511706746337,-1.036580541965159,0.4976279683572529,-0.6972790503729351,-0.21813931761367414,-0.29524499271620674,-0.39090100763449576,-0.056320939997994535
-0.3230917276507331,-0.6936937770372893,0.2927549928003938,0.17374519863325902,-1.1951224214582792,-0.6468977321283917,-0.14485084262943942,-0.14146057764630626,-0.5795980075951919,0.2636044463020246,0.5820007918259023,-0.05634566120865117,0.7699315898559062,0.8504969436709495,0.27078898207444757,-1.0234301146689093,0.21809074770021677,0.7673377907026817,1.284759949857636,-0.13224330361295453
0.17268493590126388,-0.9900614565304089,-0.18700902747208697,0.16194654062297978,0.40837523016517696,-0.447005897477528,-0.016814695664012107,-0.43507476098103165,0.7242670210852036,-1.4787985763674585,0.4938681042330867,-0.2840498218185055,0.48876700235484305,1.032073420460752,0.6791802240166169,-0.3462426474855722,0.5106265534489274,0.24025868996213817,-0.19855984014322214,0.4473459927642338
0.5714254508545697,-0.43226799057517384,-0.3734515401150745,-0.9929922683868218,-0.7737468866465691,-0.5971186617612859,-0.35311447307676364,-0.6663252202655419,-0.6562255440348886,-0.39194847396595933,-0.49289256398609643,0.42742446488948366,0.9215471774411758,-0.16858955883815316,1.6193293602766858,0.4374594815021821,-0.09326620719202848,1.12420574711297,0.3578174194812796,-0.5753317590570937
-0.05208012697710579,0.3505595027743625,-0.12042239907690977,0.345004451278765,-0.26722866779733845,0.2619697644084968,-0.06896671495155174,-0.6117254929190756,0.9085326535375833,0.3644146826519884,-0.07249356389446898,-0.550201088905294,0.1769648932496809,0.22180244556356052,-0.3580486435020122,0.2280383394253588,0.7847966699347924,0.6000120060283629,1.15607105202838,0.9145632486765538
-0.35449210732298037,-0.1200129668781709,-0.8588161631532075,-0.21128660043618058,0.3809881607261232,-0.24252577213029514,-0.9057101655904418,-0.4051568334543616,0.20837422807231826,0.6674445131692772,0.14615844526042204,-0.12239322625609192,-0.7573820283184154,0.19305320454277178,0.13046459982076006,0.5958643404266206,-0.7304316286211643,-0.3184532597704648,3.6735406705734608e-06,0.288783536069643
-0.5547761115055924,0.43527006353128717,0.026851722442342685,-0.37966973639043666,1.182347620462143,0.006322208005706945,-0.400849290822065,0.45975470547130953,-0.294352731286307,-0.09606387224965399,0.4598521879573688,-0.7255758377789838,0.7393396938556323,-0.6515447787638704,0.3916829183967785,-1.725139344839051,-0.4309823835131279,-0.19432450500712617,-1.1317687682054696,0.0946779585937842
0.8522960384636464,-0.3133065269536768,0.2776397068204221,-1.7080662141627536,0.6591971100568035,0.1679837937458825,-0.14622352106996211,-0.9478316159564266,0.7160426508827602,0.19496729921762185,-0.12679423465090736,0.2735763381826689,0.24118553438630005,-1.1222773820837968,-0.7279067380836334,0.37689060424705917,1.585540113814462,0.5068729834404478,0.9564686275993786,-0.7985641172845414
0.5846208958095547,0.19294785148586646,0.46197849766815835,0.3193060626938646,-0.7917386593722181,0.1318076953000334,0.6160727112601663,-0.8745429726255124,-0.37416149545364813,0.5050414927330563,0.26632916186743916,0.07501139095086337,-0.7916829017463448,0.8943272146385033,-0.43463076201550543,-1.1872397394127436,0.17700295690992904,-0.322127581026601,0.3118021520294933,-0.08773111027547512
-0.41380071472204916,-0.9446366123195808,0.672324489914311,0.19397861747132683,-0.0017654677818716227,0.32464870958583936,-0.7699987531329368,-1.3430574209761763,-0.5224135664904064,0.9986067723833424,-1.4995673405495553,-0.20135298278449776,0.461504390353309,-0.3898197326457809,0.5982856961111187,0.09919058231411917,0.8105169161490169,0.028851335928782938,0.7999004487975948,-0.47384580834011186
0.3797761577964809,-1.4643540533614656,0.20823325859544303,-0.801703655416492,1.4170041345910294,-0.901169750511216,-0.41832124275540417,-0.17464341958526225,0.7728663477102033,-0.5091974010592892,0.29258970519446265,0.14949217027706815,-1.1802165454044766,-0.7854459525566628,0.305104315146,0.5574322391748526,-0.14450941859249727,0.1766565397906707,-0.7009664416230149,0.6099442042449399
0.9145452585580411,0.6087321484924303,0.5359256566709593,-1.0339481135868995,0.5073666197638371,0.4941410919888067,0.5209075681680483,-0.1263197528935162,-1.436559967723022,0.11891353473484233,-0.742930041631036,0.2528486965934431,0.48028922721638,-0.5154175852173698,1.1824993730483155,0.2354174310557655,0.5793835981511158,0.46691312667548157,0.2665899073674703,0.33383217781751984
0.8570824827146055,0.6314615830598982,-0.6402003121774145,-0.1535418787033097,-0.44018907047974065,-0.1303916805490303,0.3125001754173482,0.13674461256182055,0.3377550227273504,-0.8289822328574727,-0.32397323641655745,0.30970548402274556,0.2902560153539723,1.2481008584271533,0.9301075361482891,-0.34372317272294656,-0.3668132322238258,-0.6870060816249999,0.01294808456857098,0.12187068859320738
0.31927277096347245,-1.0402438090869632,0.34552784435953077,-0.15383054890622097,-0.7283450093931798,-1.225163015837961,0.12780186651663678,0.594058294830262,-0.29349955775451814,-0.09172113896244702,-0.14444846603932843,-0.703277070982975,-0.26317001239676086,0.6082084896480134,0.040440969515530376,0.4953225660681098,-0.1484953456734036,0.531270758142296,-0.043230620734631464,0.5724427833281713
0.7994969447815226,-0.43810656184255137,0.5254988724829479,-0.36852832001997704,-0.9758830163524116,-0.1729252486965096,1.0611905460812696,0.6403310602841706,-0.8893733975280401,0.2004169656217461,-0.4822692636969781,-0.1379128923693107,-0.6264953131187194,-1.451234147110545,0.017205461816313924,-0.581458090755717,0.5020759782693262,-0.6766225981450541,0.7401858096742578,1.5110054101494304
-0.33886460733746504,-1.3917232252934593,0.6046935245077685,-1.1404809113580159,-0.479433495612403,-0.4329904379127864,-0.4974266185304905,0.10156225384838784,0.7793259886987594,-0.15740930818151241,0.8950504261469407,-0.04109857254091942,-1.2880105351949973,-0.16644202807930358,1.6071322619185024,-0.1791322022667376,-0.941177290627176,0.8284582479468054,-0.40788046069468653,0.21519449326065532
0.2366662356024174,-0.9115412058932079,-0.19907378864611872,-0.6944113430358276,0.8777028482034472,1.3500553585640933,0.28045162605510787,0.7854031414926363,-0.4217557812369247,-0.32853848339013536,-0.21715444529567615,-0.10837733618605731,0.5178403717151532,0.5405224917174202,-0.362135731363148,0.7476045227377176,0.6010533426689799,-1.1827532494430597,0.015548697189495,0.3744924113545246
0.537126060153327,-0.5718897870298928,-0.5935018668733637,-0.0966431702593008,1.087691615040386,0.5576431449615706,1.1931326779759845,0.5826514578582022,-0.15273168997298464,-0.30440534550256065,1.0575185611793985,-0.9999372091964768,0.1951836528637594,-0.7713040751001567,-0.03938663561211324,0.10297082779411837,-0.638021302039282,0.4779061592455062,0.4147028266698719,0.6259404794267645
-0.08854743285977679,0.223555433306045,0.9462983218321093,0.5213642042277916,0.2760194387938089,1.136820678586933,1.1369699201329666,-0.006703453793633227,-1.3312944186820197,0.28376888272270095,-1.3455438127484092,0.630416269299499,-0.5160042158040444,-0.03725141500153355,0.9848108055659284,1.5085273926808689,-1.557679616207161,-1.0278801805506896,-0.24720678186880038,0.3190928367674828
0.598171798968476,-0.2702862434687969,-0.2711462953791588,-0.04773209952634587,-0.2879140294657083,0.47815155804120046,-0.2868475878160024,0.5871668541456716,-0.6266328490817459,0.22483743165936443,-0.08728607086097932,0.01088657798599385,0.8619994190232629,-0.4091310133641599,-0.04906394406694333,0.20564707079220793,-0.28540356966671876,-0.6079339960665053,-0.10788837690214181,0.7700933092510263
0.4933780371792472,1.6369093636904255,-0.22196104327049226,-0.5220378692882865,0.5144447260112601,0.3148288521702981,-0.06459533605870847,-0.5585791859599598,1.0321423227079478,0.1054343729129212,-0.002079537230929544,0.6611764516955687,0.21545001832416388,0.09470322878643758,0.9665141602648133,0.3821352075124541,-0.36800898825953865,-0.11042717171263132,-0.8549378736345781,0.2217854044361851
-0.7924016290512172,-0.17525961666647852,0.6176377695074009,-1.051672139977018,0.25993640032158316,-0.1234375047612511,-0.20572194835355412,-1.465418131025993,0.4030315972740593,0.9807591413361876,0.8935047966871728,-0.1752635922466501,-0.9621346294804136,0.29212246770860245,0.24011101022108905,0.4214078505458727,0.0685739306121548,-0.05421012904576933,0.3501196773098696,0.36056266860827624
-0.5626792509079824,0.3750903707520431,-0.5417118789068244,-1.150760807621772,0.29314727766299153,-1.7027640245345497,-0.1449750309612672,0.648701537136744,0.8495072994057313,-0.6167217003689306,-0.36957841441001643,-1.2048747087519964,0.3695504864162131,-0.7866196070047882,-0.07133280628008651,-0.21714850700964095,-0.15022280472716282,-0.10196435853469848,0.7498559218430052,0.5928500377137502
0.8415121793830892,1.123268080419035,-0.416631179637444,-0.7001519417761972,-0.42662950939620436,0.19457393631368425,0.017028159123929645,-0.6999049545723364,0.5083778070351769,-0.38846850897859025,-0.2511130131399051,0.09455403081436184,1.3081612523245656,0.1187524231773334,-1.1553953374842836,0.2798851593410258,0.007875158218346542,-0.9175242147705605,0.29912763548305044,-0.2516059241767096
0.08168412594310002,0.7395319505977782,0.37543491354423,0.6239571127758885,0.9654929289203554,0.4310888692326977,-0.7419227582576529,0.33782241442769734,0.06693252379699352,-1.1058758919714273,-0.2121761341843329,0.504587173493125,-0.34440159780046165,0.6131431954462468,0.28412915133788297,0.01683738628074702,-0.35443242213972936,-0.5946493584666857,-0.8587947979541495,-1.427433941279075
-0.5785024253570104,-0.31947615022917797,-1.7638158906737464,0.22415171592670474,-0.7641690978500554,-0.004987757561529568,-0.5329375116158379,-0.6691621200269023,0.8758528020734269,-0.11359507845637104,-0.4390562610490282,-0.22390523609424928,-0.39049821310349436,0.49099333841046744,0.15476611875905685,0.19131148163932477,-1.2013964207616037,1.159828679792236,-0.09939269440265174,-0.043646088305459525
0.11173973342761111,0.3459595695806834,0.39539046416388157,0.8223203160849444,-0.09751919439329118,1.2450648956164538,0.30387501738093725,-0.014218037826205183,0.935191987600789,0.5201577754380915,-0.37221672739686273,0.820127390420639,0.6745826373779026,0.7646371645561236,1.1825145133182262,0.4991236820877246,0.3287279518296041,0.13582074678959122,0.05300842500058236,0.14695149670668917
-0.3239012771186131,0.33447698407500703,0.4368607463944183,-0.43636552216517777,-0.02982046365414104,-0.16296807170507194,-0.2988617540261111,-0.07261243630756134,-0.07231966100771015,0.6804246877206509,0.8782927564299163,0.41313464612456385,-0.1571168810964572,-0.048595540527533315,-0.5633494779006334,1.0534902237237178,-0.1826346585971858,-1.2865136634351457,1.1934709277732554,-0.38737382539043896
0.694729733680778,1.562850129880195,-0.8378645243555444,-0.5589602874486699,-0.646002989796439,-0.3216794856423199,0.07765594177993893,0.1851487562956738,0.10839028201190819,-0.7417563169146342,-0.724938634367684,-0.05515700772928922,0.12032723468946321,-0.5778972366598552,0.06852883496591813,0.4046961474197785,-0.20982238361225647,0.6603850952735989,-0.48367437729984425,0.7018841803589586
-1.7104397032008016,-0.7238211358972306,-0.40298223650451137,0.13725864374040558,-0.6697953623469189,-1.1213858701481025,0.23066491394023267,0.1802606334099651,-0.3061284399557746,0.7816787615207018,0.8513667498632106,0.46213329186785806,0.9117424291936842,0.2612877181425207,-0.2522960169449626,-0.17457197801749874,-0.26453345637599573,0.9461813006822041,0.9248969876571724,-0.3505307645868469
-1.8539870492650352,-0.8490450458879075,0.03586508356271874,0.5303874649011396,0.018608647886357244,-0.18159997071495912,1.8551649556465004,0.9275977620382441,-0.3298516345307635,0.783809105780518,0.3150165730231494,0.3603837144680328,0.11222342878395258,0.23293254574996927,0.09303115697196995,0.526238901900875,0.07730007726283272,1.3096768755321877,-0.07436555592775113,0.7946324554381399
0.2746069911498341,0.1038486531877408,-0.6966822449545749,0.5489427039259712,-0.7191841121261213,0.05608524878182386,0.7014811372223669,-0.9222043290265793,0.07344505974528073,0.11224483004733317,0.14909981087347435,-0.6809000967082274,-0.14158971627560663,0.08097272119945273,-0.6570900277418925,-0.42011910280949694,-0.8619619963433873,0.840954067684855,-0.02666253959129035,-0.8902810997003335
-0.6677940073142915,1.028696484307863,-0.45119318301246475,-0.1032001339522868,-0.3451955322063643,-0.7678909226425938,-0.4726714582925915,1.2349680278309052,0.95453046569534,0.21668173883558145,0.5770695863333049,-0.4416286693850604,0.825837846330639,0.20964441452902927,0.18965290566069895,0.6078389879886509,-0.3617109708612346,0.3224238035714853,0.2443705269899935,0.3374263093616962
-0.7828675605899675,0.6809616625669125,0.303881727548282,-0.2823076119492569,0.9504562711554307,0.6144756154816149,0.2843239128099435,-0.11844186675541986,-0.3038133804613045,0.28745118404039127,0.4720329222142765,-0.2605888224552354,-0.31072297820438094,-0.8052905871248348,0.6404608479373597,-0.8786275428002743,0.8645051446105396,-0.20331492737128604,-0.5960618300178014,0.3777538596851704
0.6759619918582902,1.1915960180701697,0.1669804847674511,0.981809029749775,0.2884919117211462,-0.03541199026534136,0.2433678550485106,0.8525523393417528,-0.257213045101571,0.6210688940020358,-0.5865654001566531,-0.3367233155091776,0.10159804836268665,0.37407627850571923,-0.4274345830720818,0.6429358506413713,0.24979991843186286,-0.0479762628961021,1.4789284819601918,0.607534966662751
0.30574719227385716,0.3050326335370978,-0.6082963408789878,0.5465220205268727,-0.2816109085468634,-0.10404030287424286,-0.13095564625727296,-0.2958218549068341,-0.45295290623722334,-0.734259732894733,-0.18974547834853314,-1.426174221943827,-0.9143830257931945,0.013164446774792185,-1.0838181081575924,-0.473689252253279,0.05829785834246194,-0.41588231885505333,-1.257699084894148,-1.57802292894347
0.12459186684522934,0.2785400887678144,1.1993569164185733,-0.14480063021423173,0.040921589878648953,-0.266828674943322,0.025345181941792052,-0.21870882359894106,1.149355470823112,-0.24536464491215243,0.09880751881410965,1.1791398778922195,1.2856633793769148,1.3688843083321205,0.9090473849249856,0.32076567372232534,0.504847979963994,0.1700424822626155,0.5830921117071663,0.35591845651172865
0.7387652937016714,-0.3398285460068448,-0.0014537828663553284,0.3820074142891068,-1.009074249658445,0.32377982842855224,0.3632218993291081,-1.2267584961745825,0.07301999812360215,0.09925214213380168,0.1392723111060512,-0.37321690106342925,0.831294301488109,0.30992339126116997,-0.6917829836888338,-0.3770540682177004,-0.2692519467790086,0.7876083741578108,0.7848924200829532,-0.5243270554219607
0.6432735348558499,1.022221002508801,-0.13483166856570056,1.7265296954931661,-0.9400594420551234,-0.42511320133658237,0.42326433157472004,-0.3692314628009874,-0.6777840055506724,-0.9167268976975779,-0.9291775695299896,0.6889789915991885,-0.4342033096112039,-0.06508729667915812,1.0370569437341544,0.5014869322709239,-0.1556918088416843,0.7578638421984976,0.5281705262979941,-0.6264601614106065
0.31870805858146456,-1.0140901241068363,0.8898013826622292,0.5217724553716128,0.29483642732039167,0.4397018269934483,0.17035899592870934,0.37267732610814375,-0.8987934825334554,0.9046474544873209,-0.10111480713449221,0.23128102779413406,0.6227698739733792,0.8495238491000205,-0.38030975324113414,-0.5400817775923218,-0.15979023148235522,-0.21819399190088729,0.19114718378154288,-0.09806630884905695
0.11388064408549128,0.39790496890415883,0.22310960714948555,1.1679852137989406,-0.35027145177835883,-0.10923735177442008,1.2387542475409095,-0.8857405727075462,0.511926859977126,0.1064482859929545,0.2308102243145198,1.0552622214823277,0.6407406794895949,0.28368364068337315,-0.15070362561802336,-0.30440676195995786,0.5005290155457665,-0.02174077349488247,-0.21976339334232203,-0.8055039067592129
-0.30031892201637334,-0.7756169270434974,-0.2796541064690694,1.1707818398098162,-0.03899343059872266,0.31045100773259365,-1.0335828033555121,0.350315563340996,0.2700294344722656,0.2573660277594363,0.6707237692343802,0.4835118234722483,0.8845680241207421,-0.13629686035622188,0.4485968513497094,1.4660336451252762,-0.9509965365177122,0.26393266628988954,0.007737784369081846,-0.3199585532265449
-0.12339583088455926,-0.1852157180000918,0.5928134300913626,0.6267006097233659,1.3662245447308194,0.5738226557408053,-0.670711951023153,0.3217937015016774,-0.05589781331044624,-0.7009409368707549,-0.5162062245108586,0.2988572082295368,0.018079916974104413,-0.37784088008723116,0.7326566838551499,0.34088984967141983,0.937238403251197,0.27869473333745937,-1.0160442667180682,0.19215904291073668
-0.41317264094523265,0.18082487952327192,-0.3409121914010028,-0.3495130950254541,-0.46254754043382906,0.5151720402540159,-0.19424000059194166,-0.36975539025292276,1.0072684811391053,0.49929054776162046,-0.6778759837724192,-1.2127742861881456,1.6628481008426843,-0.34662678629085414,1.1718392540846931,-0.46567628207230827,-0.22368674867058536,-0.6668384708117335,-0.013538084848442156,0.04120923521411421
-0.08622112115248769,-0.043193945101854536,-0.35633397485650625,0.624902580089302,-1.0973721555134872,0.48040405432082267,-0.6247583167672849,0.5527436847033002,0.08930290402772262,0.4328886560532631,-1.3809649098971293,0.9397076772464515,1.0253428791191792,0.11258995175461636,0.6350112301295239,-0.7141768483732641,0.9710558488872703,0.7438761513892529,-0.6507232998330214,-0.6210344099116691
-1.2362649304961664,0.30394805229494665,0.7496996861171259,1.3726838954675453,0.2520841466568938,-0.6279526170271638,0.06415127159403855,-0.6394087025633617,-0.18369004966239322,-0.06894030300735636,1.1527861362728662,-1.1142632964131312,0.027560363951940114,0.12298593189040205,0.20584526432184166,0.5049655542641645,-0.020069340040370642,-0.3233539176554474,0.8477976411941005,0.22613455747832248
-0.06454221108139227,-0.06793974749474453,-0.616834165788217,0.9582391001664461,-0.9621376147152644,-0.5920356489926686,-0.10144114710004307,-0.038928609474058816,0.1991353816304106,-0.4243236810773361,0.3582089698015565,-0.4671063043420658,1.2893616388827065,0.47734114945334294,-1.4508687495041332,-0.13406273101075722,0.6829195267032067,1.210521344528732,0.3435402394064635,0.8327414023483659
0.6440755303257311,-0.01634832974415614,0.4400513041260884,-1.6711851831826419,-1.416146518651741,-0.6480274731626527,0.6194052214270082,-0.7841997258777585,0.8168521784033179,0.9221443067682393,-0.27991432723178317,0.5558758491482105,-0.4023984858509341,-0.5802354225829649,-0.7877222256805094,0.8087025203120934,0.9394341360218197,0.3295888403154883,-0.06760675696781235,0.23588257229095955
0.42347201498369463,1.5369252312540589,-0.06233129731016941,0.08466951131020502,-0.39411348660505946,1.0486184901518887,-0.12883848815579338,-1.8039109669718223,0.246331444935443,-1.046340736337417,-0.36863205715337183,0.03182680222339675,1.324124786478257,-0.21718255025595973,0.11562704450535297,-0.8736899444309439,0.3034258642712855,-0.24669879091196312,0.14256628950050398,-0.6282265797339761
-1.0680728222138063,0.3798884746071625,0.7616392555599993,0.4252686574420665,0.27617896363536576,0.19439635488000256,1.0721322058297185,-0.07594884333834548,0.6454202558524759,0.6670666098863164,-0.1871744634154887,-0.3226890320945492,0.1662056364574126,-0.9283465015220385,-0.10422875400264495,0.13943321048648394,-0.5002500208242739,0.3212773144017329,0.37421515968893276,0.184399904592558
0.5441158138359645,-0.2329482614060683,-0.06204687433866288,1.1542897378873203,-0.2029662485664441,1.8252343498301644,-0.42187634174800515,0.5870773600152241,0.16881258857904444,0.7054540588929415,1.6426048357154837,0.9077809300546015,-0.3716351591590638,0.32335639758651813,-0.04571894268625376,1.2063250341228777,0.29366049210543765,0.05821628465691457,0.8527071718711572,0.19614953530409202,0.1378110332099768,-0.24870727329792083,1.3325907272525193,-0.7239381960568112,0.597046251110533,0.024512413942254632,-0.9142613279482938,1.2567740082808487,0.8423938715493136,-0.2436002598212594,0.1154079381284852,0.9568891124841972,0.06872868549377617,-0.8642062624954521,1.0810794107593524,0.427262961212003,1.3156656440920695,-0.3741728864887571,-0.9172289593563644,-1.2226740443260833,-0.27433793300104403,-0.553953161818038,-0.6550799163529426,-0.41801459833734333,-1.6721660335510178,0.04315872456260564,1.1488724841858462,0.3431601901668641,-0.3800685731370027,-0.27032425303377583,-0.7912912939221305,0.47115735309059825,0.004168462640457435,-0.016489238234073098,2.0548865311400446,0.2606276188592682,-0.5798179077327602,0.11331509996475944,-0.5125614846979337,-1.0140838866098312,-0.7926067482670491,0.5040041457403501,0.17432305640320556,0.9721276507281059
-0.548732065210578,-1.1981997888860596,0.799579967592106,-0.13742444086453515,-0.6212575306893479,-0.5203732573779892,-0.9544184480282629,0.36263837221005163,-1.0590230624306538,0.27554695375048044,0.7052551550478218,0.902590449118756,-0.7697357945099377,-0.674127907032021,-0.03502315413705083,0.3289511106181414,-0.21845780238012513,-0.5262471664194718,-0.43734774642585705,-1.3254103422029195,1.3378418598895094,0.23939835078053925,-1.390736113349809,0.8722551261709214,-1.1413353314045809,0.3391644295566968,0.8439797040484696,1.2233704128633356,0.15864871117379778,-0.14931726928519778,0.5386991711419927,-0.1276022658619387,-0.24117379405339376,-0.7816872043179102,-0.3707317376697119,-1.4370359495712814,-0.9026050202574737,-0.7439603003578878,-1.1891049439127364,0.25844518265008154,-0.6448488852613959,-0.051626240076996066,-0.824553011073695,-0.899426170939422,-1.173879540596238,0.3790521515356212,0.4734134398053613,-1.1656735673247625,-0.7555437530247642,-0.23505282277643982,0.36641323246304347,0.8250245792724875,-0.25230725769982765,0.9873421492621854,-0.011053745011863389,0.01827205221405573,0.230943380417293,0.4527437643141967,-0.02765727259658777,-0.8262304549831101,0.14359248931789434,1.1295122111277316,0.40177846174713416,0.445448917423881
-0.8355375742308163,1.11211483031831,1.3033974764290848,-0.11846420795311542,-0.9243628099580067,-0.5143200448152699,-0.8152880779114535,-0.7883797729078132,-0.05089824977536573,0.5986099046514515,-0.42228394254693913,-0.7266630800205978,0.7629371105300247,1.2697233085269444,-0.7058528308094562,-0.08285766799420399,-0.7970651717902895,1.0770425020792107,-0.24683343113111075,0.5619788209532698,0.8146970753542425,0.6067914491670292,0.49824238866152865,-0.0990930231612526,-1.038789087842388,0.3419937416029708,-0.23693917132193618,0.9492438791208402,0.49902947788269947,-0.09676170646538193,0.1524840845921056,-0.6744839558975166,-0.6421643810579171,0.7170951355838424,-0.2665452943193687,0.5570237369290412,0.3944660767919548,0.11946534677838479,-0.1515314371547572,1.1030531155545957,-0.11644450166659724,-0.9260330457083099,0.24742202298520674,-0.6720706207815392,-0.5364748740231713,-0.7057792772821556,0.6624107741796806,1.117753091876875,-0.018645835099619267,0.7424300752340625,-0.3860882631684573,0.07554868050015015,-0.4163565778787288,0.13149038685258027,0.3254838299745822,-0.5259020534290764,-0.597611313145345,-1.3531650391705456,0.7899247300391011,-0.8634969088272627,-0.14415693122291523,1.752532134425569,0.7283914135749093,0.008753688743313538
0.4849345046498743,0.0189834633585792,0.13648815583062313,-0.7728958675729383,0.69755266981915,0.0035210806311208598,-0.648113408973346,0.5471068713048798,-0.8057659710846461,0.8097391028926384,0.7510119035506949,0.4968756370751951,-0.1076270998289285,-0.3872101290369763,-0.43099569574363966,0.14501889565488443,-0.276096477282491,0.8459217061003391,-0.0182144851665325,0.3021236312081197,-0.0007668454411286982,-0.9942261810397186,0.5221945388700289,0.02497458535519856,-0.4966499797667495,-0.11492617864174005,0.29067878921960855,-0.4600014360300361,-0.3792492613471107,-0.002121181788165092,-0.3509034210486865,0.7265806457025109,0.7683753659569287,0.502254895686836,0.24276862517283626,-0.5302723265865198,-1.0030978977926575,-0.3802656818553438,-0.3088240794177599,0.372852319098795,-0.7463425452224115,-0.21480741652322766,0.8365923353564373,-0.01691499928544188,-0.4418928531936181,-1.0162500460087844,0.5951535483549741,-0.24632633795225853,-0.37451819268770364,0.7168654697072301,-0.9923195998326616,-0.730368762697757,0.8410123609362241,-0.38993371130482685,0.17770119193548742,1.2272637670901865,0.7240538692713226,-1.3701974402611372,0.0048742013835640086,-0.14780519369403833,0.6643528298333794,0.7331395721524454,-0.4100049502593947,-0.5988630914939662
0.37521486080211053,-0.16860261238938495,0.13056889496871182,-0.2784800642934902,0.1456403957574706,0.20276317261929655,0.22135555826818248,-0.2286197332003279,0.043413723889036464,0.5338071633699549,0.06503238904057432,-0.7542987085419679,1.5236149398815577,-0.9185637356755376,0.4202145519419012,0.4825486119732315,0.38864753975998034,0.34230893778052485,0.5874553737912624,0.13495626931722468,0.7132819146432378,-0.7709739534604818,-0.42919404625323143,1.1503698259314568,-1.6537176108309815,0.6951021113830247,0.16658111876982024,-0.22266706698034403,0.4083140207985241,-0.6532499566510754,0.7218031633068676,0.5622024631359255,0.25946750131965884,-0.02964097695064711,0.07013311835840152,-0.16669493401563032,0.06096789508973653,0.028160946617688927,-0.646079289581749,-0.3727341959724891,0.09596578552313047,-0.6767151252306606,-0.22528487775211536,-0.5781281911289067,-1.3019962787088428,0.5987807223205004,-0.618451983364011,-0.4622236082500674,0.06745752082328271,-0.28353815685137795,-0.40730948752527146,0.39352174402801626,0.5119409829455193,0.34233899907653986,0.5010805410948113,-0.9000919275464896,0.914217253850264,-0.4520388679229209,0.5177849804402341,-0.059998451703624125,0.48663656826106927,-0.8300635096542666,-0.08253829878451753,-0.18810583463328484
0.6340341596348733,-0.3547833234001469,1.4274005107662957,-1.5591795675307911,-0.5683627102386872,-0.7015876064459062,-0.34535213023316,0.43695024595024284,0.6592208624040904,0.7465736525228437,-0.47413238798119894,-0.5571849697195651,-1.048266794347249,1.0119596637873332,0.5297331997732228,0.8793564534435903,1.20079826805478,-0.0878729432708014,-0.1524438319681916,0.8404852866550427,0.8282631550932311,-1.150814553445183,-0.06579646910961225,-0.887976013614056,0.04005290611911743,-1.0016873708155103,0.01049383047977813,-0.050135643636023824,-1.4670498597691055,-0.502744871699675,0.5765982025783714,0.13279338173672395,0.478936352383728,-0.32498328327054093,1.2335563289037574,0.9306616430898154,0.33924043430637907,0.8900148262709422,-0.46804263797802226,0.7529662581658525,0.5512984713351639,0.15796731209582862,0.1668461520169613,0.43103294846664797,0.2909561861782505,-0.7771421374455384,0.6951557162611489,-0.34413546065943595,-0.11443834253453306,0.10913324230868748,-0.46597055515406216,0.591186672767358,-1.123099641675043,0.640773270348518,-0.96028004680287,1.5970529426011535,0.19897445551255422,-0.9338180940834488,0.5094313693488065,0.42287949558080523,0.7016604062926379,0.5000349057622424,-0.7659295174665387,0.22375411037114476
0.9669819119746197,-0.7223389731407923,0.8064637340485086,0.04795279330785684,-0.2678459594420579,-0.6756584664601394,-0.6546479219407877,0.5957520894852957,-0.46817771115640405,-1.1960461443118087,0.22710003561253117,1.6594599279448206,-0.5151449603968329,0.6068176953105209,-0.16244602476980535,-0.2470541700486602,-0.2463322567779789,-0.39753704429178627,0.3742198649562094,-0.5420388483654042,-0.8605160610515119,-0.31032662691717194,0.006433046048633734,0.02010471499288309,0.1496626698944622,-0.8448559222394489,-0.47357785859092916,-0.22183183057622613,0.17532871981932252,-0.33924359043913577,-0.5369081839804428,-0.1134546203350094,-0.7402869226555711,0.41390140200815545,0.3751056802445756,-0.6375738263826721,0.032198623828312775,0.2644477453396169,-0.39576448992810964,1.2616061680849862,-0.12121546691716004,0.7497324851298536,-0.4265643173614294,0.30384539700365654,0.44657365657338355,0.5657265540682986,1.0216985185727852,0.7097153890412513,0.34874398776524546,-1.3945055083694806,-0.8923839146654649,-0.09512809971771025,-0.8801994449603052,-0.05472975848198806,-0.7647501850019194,-0.3160646205490599,-0.45578833951109327,0.6494485427205288,-0.498135807472891,0.37347007909617347,0.18123416236155843,0.7976959124249862,0.5130597123237196,0.22294392338540134
-0.21516452066177028,1.082644398700426,0.23584941510415391,0.49911245556647743,0.9500435955505462,0.48929390742693785,-0.3058462333507789,1.1432676474505763,0.06196486187618622,-0.9601009855515613,-0.9658362026540651,0.046630865961208495,-0.8754432822164966,-0.05502713906537553,-0.25212549524824474,-0.07596555561893735,0.7130240714306071,-0.44462998885643845,-0.21028571995933826,0.4900605228352303,-0.3288499732791902,-0.6431831681228507,-0.16325083655183967,0.2350381309674422,0.8092353024068912,0.38510991303041336,-0.20736052719696427,-0.13353095847795982,-0.26518635869281315,0.5256201129278548,0.1436035779028531,-0.4843558842812913,0.5509795012303171,0.3771395901027266,-0.32412933156181956,0.04555545290784552,0.43442463530554615,-0.05040915646469868,-0.6954012011501477,-0.3481044162138021,-0.6810494448029959,1.0750554756762352,-0.9535329053291658,1.1558308066829095,0.08806407033273353,0.135673801879406,0.13223927019809867,0.04830081565791419,-0.7336895036026804,1.3631340916733206,-0.3376369649076906,-1.052940314698431,0.8840551075609303,0.8324694834471835,0.45955563885408107,-0.011051102318940166,1.0051617792395178,0.6885113945364949,-1.9033087898484573,0.2918598474229467,0.6985888352503009,-0.5593151949429095,-0.09320496847876841,0.8769825630153517
-0.11352059606935137,-0.5862236173692735,0.2376105121156042,0.04541814153978199,0.761428160508963,1.0696031718683454,0.841277162231235,0.5316261198027485,0.9073084561153552,-0.00997549357940386,0.47552347205660517,-0.2801487468880263,0.20312113321202308,-0.6359945324342069,1.005726639377095,-0.8632941823800528,-0.22144218671991037,-0.23361789786344708,-0.19249084672251288,0.180585962730278,-0.06787633374722167,-0.8366663674663312,1.998012700900158,-0.07578622418605296,-0.7815103105145683,0.15696482235158732,0.6140645689249491,0.6045181805925829,-1.2453695118745651,-0.2258130066494733,-0.08735727250563202,-0.8061883308622206,-0.17283716522401238,0.5054311604293819,-0.24581182462007214,-0.3836939951407501,-0.4907597912727234,0.019843022462306806,0.7800955261206425,-0.5189638015593405,-0.12851895825879503,0.0307757099935234,0.9770293823071974,-0.5735637508109697,-0.8189071535537309,0.2591635568291631,-0.774464916895235,0.4814607298073918,0.4871988845132209,0.8837596539345316,1.347011863212014,0.5413388086921538,-1.0673113902791682,-0.0220492508431852,0.28155148373260575,0.8183670374308016,0.7794139369481268,0.4284400200588921,-0.7447676394526516,-0.4299138964991069,0.05260664668141208,-1.4582927983070093,-0.4418600572873035,0.2662437182761571
-0.3701330465641967,-0.7670296219168706,-0.17842398702267528,0.850161906579253,0.7445532942745363,-0.4000832590611703,-0.34995376410053697,0.020473355604506277,0.7048983294631714,0.11570198796982575,-1.0205479082161997,0.1715252121198326,-1.1566693574423172,0.038852697176535195,0.9342752525579957,0.5164204677091246,0.09186731358472805,-1.0753149878940904,0.3506468336535193,0.9107015928661282,0.8918930652814693,0.0513425237293685,1.3018992166084788,0.08968091380090792,-0.03698496401639835,-0.5669977779720112,-0.9986342067865777,-1.9536573020175179,-0.5278540297779972,0.5516451481401565,0.7029229732254791,0.8564116411548592,0.01974435394468331,-0.10358747889159288,0.25726556840122156,0.11737222120198859,0.6490365655779236,-0.20692313339944407,-0.44618901567037644,0.7658292955037797,1.6665908696983682,-0.3902079232744258,0.4450596417954381,0.16721636278491508,-0.39276059769225535,-0.9947395244327804,-0.17790211119389132,-0.7882406686170362,-1.4850127417102574,-0.8627064028212733,-0.2802215537686939,-0.7031429422665152,-0.048655615827627945,0.03568073902572971,-0.23595998455210043,0.14067727814788802,1.5230702865229606,-0.8708576615250734,0.8739388634621184,0.11458968401428239,-0.3536829132343249,1.2447219420682392,-0.903140734248497,-0.21177990729743978
-0.38451051387118446,-0.5703093071640635,0.19282639950214125,-0.45510569538803103,0.9681412627046224,-0.1718313297484081,1.6836898851084379,1.2135122384578656,0.2581600888434304,0.9876136013456327,0.3759353082158716,0.17970624606688396,-0.9286570087567727,-0.46075501051470735,-0.1998380706240243,-0.8964707933904443,0.6495357073661675,0.041159734059252696,0.5345596828525876,0.1480581257217451,-1.2387596223339934,-0.5871710264664726,1.0356089284183725,0.4491984969774279,1.319040954832254,-0.6548019757857186,0.3110154273158312,0.7894577941167817,-1.8123741037797751,0.33007184876633183,-0.5226128709898317,0.905654947436387,-0.7040900148897512,-0.054838281535820155,0.10028573216701624,1.5901613976948967,0.5766268744666437,-0.9965060794895593,0.7604520833606248,-0.9055894624587438,-0.7396805105663118,-0.5556718606848875,-0.634401613061206,0.8381915802195037,0.0658552184901923,0.6788327612462186,-0.15751796680187324,0.4830513465069327,0.060070853553284675,0.3614359491113798,0.9877362756164862,-0.5348723107597307,0.09988385322047828,0.8621866801044902,-0.2186944975232153,-0.19140028187268618,1.041909666348131,-0.8758305910048994,-0.09396133453014902,-0.39268734503675706,0.20238849331571424,0.7879460137158578,-0.32883751019887825,0.9625179378891914
0.4098737843851832,-0.8866452318261543,-0.3987307006936046,-1.5808403797796626,-0.9947373872360472,-1.2945873043102631,1.018114190040802,0.9189228452804831,-0.2843111084610915,0.6168398220075045,0.10492027712859245,-1.2215306028977713,-0.14696406412923993,0.1998431860293975,0.29199530525098677,-0.24558871132633014,-0.37787011530590975,0.142275890627174,-0.18972948547713162,0.20825528747001987,0.635247005404786,-0.25248445397575525,0.5450872635434628,0.7174933618604415,-0.6292597805563152,-0.42119340458403415,0.11021344152224775,0.3130109567949828,0.09461157382234375,0.0076947669555667555,1.2700424267380443,1.4997734397201286,-0.2317919489960436,-0.3336303127283564,0.9057059007978189,0.6639839085713695,1.2688124002851136,0.13911584114664988,-0.39544320423694074,-0.85974135699979,-0.1337113140545514,1.0775560351335867,-0.7972313319941153,-1.1001462217741689,1.6544798984362101,-0.8676374526407582,0.20589178245000084,0.305107439321534,-1.1649572300754234,-0.22950854578784455,1.0050604006820927,-0.36213563219410944,0.03031738340853112,0.3458804497671927,-0.18173693652701953,0.33517874835771433,1.1312778672954846,0.4497739223858341,1.3161059962861954,-0.3429150733991491,-0.8566371111841846,-1.551566378303629,-0.3816658987968456,-0.5546176826885303
0.9106209477454156,-0.5307048945647073,-0.6296231081253234,-0.27308282028859004,-0.4446876027184933,-0.19253182822125214,-0.40957509452921964,0.3693991227946096,-0.12203177254931136,-0.40336320621431343,-0.4738491653809896,-1.0778934095465544,-0.324522941873927,-0.30130183162913876,-0.3327092865034171,-0.17107938931492736,0.8578396589543384,0.1782507342107442,-0.6479254931442052,1.0547215733517594,0.04109599592713051,0.17653102784639368,-0.12842884836358814,1.0446498189300306,-0.21237129755454234,0.8283221626167294,0.7331265201242851,-0.4923928765388699,0.7159988452596755,0.1259699085360597,0.33346682767498165,1.541538576399216,-1.7066086607534465,0.3575456208492644,0.024636442308491997,-0.50170740481792,0.8782281701991095,-0.5903370490048264,0.23726780643037934,-0.23465947416049504,0.0845661748852965,-0.2217123174544192,-0.3971721673131959,-0.7488049317089991,0.6515552221591228,0.10810914343117384,-1.2467925050371567,0.46454105486351427,-0.6814804051403518,-0.901689232840736,0.12238628224208319,0.3345540661161207,0.49733074068064265,0.7453633401056771,0.593184032709714,0.5131408770240893,-1.281264310697941,-0.6610051600546991,0.6085551868842218,-0.10862366334364709,0.2003654034372552,0.640671805724647,-0.7569094945625534,0.788769926177125
0.15013325220628673,-1.0887031430377667,0.06065080724962181,-0.45930722042189637,-0.6495479918221354,0.1416582301965716,-1.7392988006822068,0.806371690089964,-0.5673018926475153,0.3641716683742451,0.27139031707927175,0.40370024912316577,-0.5720056060166088,1.2217957928352896,0.9995647822403053,0.5417885046283367,0.20142772288504612,0.208383117589478,0.3054880415337705,0.02647781632140618,-0.8517420018896985,0.10520731429783833,0.18100218740393337,0.6009078428255967,0.002877684400135672,0.9671603412322813,0.08815678758533757,0.21385156857859305,0.4830402181321344,0.12684464591649694,-0.76914591322304,-0.11916077638137784,0.9737786269800485,0.9030800364297417,1.0707883751851779,-0.7702367615392758,-0.20671251858276968,0.9089791689717359,0.8566012968077737,-0.3629000832423506,-1.0051266049330234,-0.8095956133852873,1.6646014741245796,0.9027800272707273,-1.3728185579575491,0.22734731936353034,-1.1982550171522623,-0.3584066832034787,-0.25993183215053456,-0.33745330984418365,0.11299297447537326,0.352534567058185,0.4425589667890436,-0.6961425493328327,-0.2730244916037864,-0.3215337705956838,0.3902953347292952,-0.22545784158823529,-0.44839550064463607,0.7652897082945007,-0.08832651229440844,0.8862355579456381,-0.037871251362075475,1.5466289335050822
0.942001307565202,0.7754659897648822,0.23489798671378892,0.31422384700808326,-0.18555175058986711,0.5255626565704585,-0.3300371849206748,-0.132961685112298,1.2151732350719207,1.1544121534431124,0.7932233501519677,0.41863328802495425,1.2558411502817333,0.1852357065022074,0.4253411129811516,-0.4203101336634351,-0.33758624473949694,1.1762008380809559,-0.8401731363743824,-1.6225781939677917,-0.7473800739096004,-0.09134337647169356,1.4605256593877267,1.7183953931076135,-0.022699873224267527,-1.3302514812649897,-0.1786745583651902,0.09593733448866676,-0.3200698121715193,-0.37419287913618715,0.06384921733226939,1.6483918937978772,-0.10221488917542274,-0.043574293361656635,-0.08387083835243694,0.12034604678231192,0.11251616514163396,0.011679826835197415,-1.6879571049023285,0.944008154341756,0.689498329828474,0.5206256833361429,0.6965497415696845,-0.03259948439109206,0.2364326910167689,-1.285113326756183,-0.06271301791343542,-0.41627566210954203,0.1484420698731636,-0.08985446260674326,-0.6256719961515455,1.1518411777561772,0.1083372175111535,0.5137469050804709,0.060220248880940436,0.7244120220702173,-0.6710281170708539,0.2554324508170411,1.016463779734013,0.3239487804643882,-0.011102216587926567,1.0449184798985893,0.28253955644257006,-0.6353749037329965
-0.9650071405940974,-0.0615694180112137,-0.6057181929218652,-0.13396579319052776,0.6761746408376077,-0.4490179746284881,-0.3072582261486134,-0.4114575642166429,0.10783882194153982,-0.14241938783119285,-0.9673560846807855,-0.7963070580449244,-0.4620302725540873,0.19241462466466805,-0.3122886999955425,-0.01860551068080773,0.6999692372002706,-0.4244764233415347,-0.6449787869478683,-0.4438144204027825,0.055218121954572735,-0.38173443732094275,0.45771116358720665,-0.41565444718922795,1.1028591985234097,0.09224256768647407,0.06862513077598201,0.049400211082072404,0.19567528773994938,-0.36161741545729775,1.1788361964333884,-1.0305756107507928,0.059569315385949256,0.46489338397308155,0.2593825970785873,-0.8535210881125335,0.41608250889495185,0.37181523859104704,0.17129159441955866,1.3814192272352872,-1.4549811736736573,-0.4882093726387747,-0.7077236919467068,0.05136020391866564,-2.3516898532319197e-05,0.44940593214683666,0.045349311378058886,0.46350675685128945,-1.20352733096,-0.9360751096686757,-0.09456768786369833,1.7188178137068912,-0.042196166135242755,0.7067116908817204,-0.46309550626682117,0.7463693837005103,0.08114781269882601,0.10380558107767701,0.051520477591769434,0.2921470272048465,-0.1387352956139684,-1.3328043795785376,-0.8260919832510463,0.5264214127120719
0.5128137006272462,-0.16975805721890602,-0.25722248225706235,0.08300645941252913,-0.0921300103534259,0.5513568384084868,-0.13392814888300297,-0.34113299406325226,0.08158848992943218,1.3623511471415792,-0.05835555070012564,-0.40316093003574355,0.09363414453425867,-0.06623586194157266,-0.40300196948584904,0.1577423424410679,0.15784079376094073,0.2551126462818828,-0.59968086261584,-0.12351144192379065,0.415549464290419,-0.8019111641432302,0.19215378442558395,-0.25199468331303737,-0.8723373457648401,0.25358317860660246,0.9033841086184417,0.5332649949535704,-0.4370468924801438,-0.4318187658480797,0.6569096755664181,-0.3708359700282521,0.5119418282609167,-0.38143270805837964,-0.7400882772494344,0.2968999385080856,-0.0805474194714278,-0.6243290046567826,1.0209310245306278,0.2910658621193653,-0.7828149103794081,-0.5829460219217817,-0.03785346306318102,-0.2709615215820415,0.3630804373165223,-0.08622090550282827,-0.8808078933367562,-0.3037962963089056,-0.1295101957847083,-0.2015123736530307,0.17031632614748826,-0.15121922970090534,-0.9843929715564772,0.17877720853223877,0.4147645469534982,0.0399543600558262,-0.2860646938038399,-0.24413569806804275,0.012693540735541686,-0.49869798170211643,0.34675757947770924,0.4481440172154881,0.4553562728520151,0.32828207883028304
-0.6656858583134383,-0.8314847074178209,-0.8707021899084331,-0.566169820995124,0.5803149316192522,-0.050429642738485506,-0.6920398917322328,1.0753336715969422,-0.10899088491594186,0.9079172567078728,-1.3107330233598682,0.6372979957517356,-1.4611832110354717,0.5585615136248465,-0.18755215102597267,0.5279317136028779,1.0038726705273857,-0.13322753695824485,0.13329243216539954,-0.21538908244812574,-0.11712694948632768,0.2535313781610554,0.47156163787804084,0.5948446467831544,-0.24521889780794565,0.7550283891123982,-0.05905450657111841,0.8868744637841665,-0.23896630432192367,-0.1813935316818138,-0.06973339888272967,1.1848831261438912,1.28509191452106,0.13095868400184524,-0.7807533202820625,0.7750022924613564,-0.1567243101113946,-0.44332091421132724,0.6949163370621523,-0.0877132566970197,-0.17758357728687432,-0.2926428339526006,0.6107064567850493,0.7739530740104774,-0.9690842340121296,-0.6648041369567104,-0.32325623266718284,-0.13721884376113963,0.31902143941959965,0.7126486088994772,-0.0995108916408395,-0.4402276209867142,-0.47349176598435927,-0.4493867362500647,-0.48056412463670684,0.18041396402961518,-0.6786892545075477,-1.4257291263979395,0.816784766387157,0.6294849758184955,0.2432426107308378,0.20637286527414272,0.5209371014537543,-0.05179056736402503
-0.3564702639565426,-0.6032477315737407,-0.07222218637746822,-0.5038064728256287,0.9568631927272453,0.9127263093696686,-1.27804759938468,0.5976868826763244,-0.5111173081343008,-0.057379847124544955,0.8078378309733236,-0.1294912473419777,0.23461768343219064,-0.12270504459053638,0.6085635270131783,-0.15309991601681047,0.975256625322725,0.6165644766606607,-0.23713669623289718,-0.5226245852271723,1.3800252968082072,-0.2619891419801408,0.8172360977194838,0.09518054130840903,0.35078027405584955,0.15127777345762983,0.24861239980759448,-1.0044261720060523,-0.4786823845889837,0.10879262703685266,0.33305120140732153,-0.28586864382299837,1.222259390606062,0.7744602908452096,-0.24610868607897776,-0.7678644253065913,0.8002997545281847,-0.11749320596739513,-0.20648846437773205,0.5721790710316594,0.039581830321651634,-0.1138417387508989,-0.18831733253893151,0.672996922762284,-0.06555764109600803,0.047304200957631576,0.28008638456396495,0.10575363175483071,-0.13512365119947034,1.3234900414615194,-0.4477256001267143,-0.08614174280970999,0.018037058643462472,0.4713441231913001,0.34454654874268714,-0.7646060041724625,0.2542970740027152,-0.0009698549675280776,-0.06787820146907264,-0.8712728454079828,0.5684122167254295,-0.6832302158462086,1.39980390990881,0.7959669475208451
0.2509090740764265,0.7559038810831747,-0.5779799419764939,0.24639627298374275,-0.2973363906451821,-0.14726379523046285,0.9149724143081086,0.7037802529734047,-0.5371901597310302,-0.9875219321272971,1.423431620530166,-0.26960939719171073,-0.8440477041672159,-0.5126883553238312,-1.2549557463267835,0.45856735076962746,0.452339462450107,-0.1762929381290969,0.3639725957902243,-0.026721664367608866,-0.04919777318310139,0.12581344915765436,-1.193478667090012,1.1701635540623143,-0.42251063972134223,0.04471517736823552,0.6997830730058527,0.9693191503197591,0.028393782147856983,-0.734531135543586,0.3206782955002855,-0.5020328310727638,0.4164892688827182,-0.3705344978965672,0.6560746543376627,0.8023516376101449,0.4334504069320383,0.10730824815834475,-0.5199554713606258,-0.12507091735021653,0.19148958062052257,1.0118106426552207,-0.1226022094545122,0.2296415501814247,-0.31517047341194826,-0.2993767403895464,0.02612875458113088,-0.1602084288627838,-0.21128379956752816,-0.3070288438367189,-0.5867209419588181,-0.5777056717665908,-0.7847255551381744,0.22014111558640018,-0.11030586875710771,0.07568373556912747,0.1404629946181719,-1.1788488659218597,-1.2628605166405704,0.4008118976827304,-0.21788425252538585,-0.4941856698323558,0.6645679594622904,1.0017027646986931
0.12529991910162006,0.9647332962612879,1.023987559015138,-0.6180611956179963,0.6670916786684526,0.6363910964545668,-0.2883962729061239,0.14368941256554144,0.22823653738635008,0.48188312199885436,0.09665690248112219,0.5665153381864247,0.38980123833103053,-1.3452761587310753,-1.020219492320479,0.7289314481317067,-0.5389800173764221,-0.7233308531422562,-1.0785602195912274,1.1566522826090697,0.6121062058079617,-0.35386883829899596,0.16819091116246418,-0.7479159647597526,-0.9344847836821777,-0.7892087329930257,0.6496321771136746,-0.08835942246284342,-0.36238671423571994,-0.33996423219645916,-0.39079919878393554,-1.1914587578702769,1.3315162987233382,0.4143767895673147,0.1970195011450564,-0.0861548413329278,0.842490651412098,0.4393944810224202,-0.34115928918463434,0.9271862711641893,-0.17893697166380196,0.3299333453327702,0.07913600353465447,-0.5366404860154157,0.7955866841563353,0.15204042662704617,1.0696502590116208,0.6327359028208251,-0.1281731922167172,-0.5005758410771575,-0.061774866169652526,0.35328558364734275,-0.17335918730419125,-0.6522574421282141,0.6487838262180974,-0.0903127186899011,0.5586755104667036,-0.43750717139000034,-0.48517377363251085,0.5705771916318814,-0.4931905646579853,0.08114611851037759,-1.1965684388606042,-0.6836573650336233
